retweetCount,favoriteCount,text,time
3651,22405,"Vamos preparar bem o Mundial e ajudar as vÃ­timas dos incÃªndios. Bom jogo, malta! #tudoporportugal",2017-11-10T18:11:35.000Z
11221,67893,Special guest today in training ground ğŸ‘ŒğŸ‘ŒğŸ‘Œâ¤ï¸,2017-11-10T12:24:07.000Z
5306,32118,#CR7Junior IS LIVE ğŸ‘– âš½ Now available on ğŸ‘‰ http://CR7.comÂ  @CR7limitless #PressPlay #CR7Denim,2017-11-09T12:00:07.000Z
6046,53212,Like father like son ğŸ˜œ We are excited to launch our #CR7Junior denim collection. Now live on ğŸ‘‰ http://CR7.comÂ  #PressPlay #CR7Denim,2017-11-08T18:30:01.000Z
11274,107881,Work done âœˆï¸ğŸ‘ŒğŸ‘ŒğŸ‘Œ,2017-11-07T20:08:12.000Z
2096,20135,"Building projects with green steel is a real innovation. @egyptian_steel
@AhmedAbuHashima",2017-11-06T18:00:03.000Z
4381,36671,"ğŸ’ğŸ‘Œâš½  
Chapter 5: available on http://nike.com/CR7Â   
#mercurial #CR7 @nikefootball",2017-11-06T12:33:42.000Z
1484,12495,"Learn the secrets to my success atÂ 
https://youtu.be/0fXyD7twB-MÂ Â Â #ROCliveLifeLoud #headphones",2017-11-03T18:46:06.000Z
3340,39302,CLEAR Men: Worldâ€™s #1 Men Shampoo â˜ğŸ¼,2017-11-03T12:00:01.000Z
13177,115072,âœŒï¸,2017-11-02T21:17:28.000Z
3069,32539,"Loving my new CR7 woven shirt ğŸ‘”Styles for everyday. http://CR7.comÂ  ğŸ’ª@CR7Limitless
#CR7Denim
http://www.cr7.comÂ ",2017-10-30T18:00:04.000Z
11861,93738,Positive mind ğŸ‘ŒâœŒï¸,2017-10-30T13:07:51.000Z
2552,24016,"I vote for my hometown, Madeira, as the worldâ€™s leading Island Destination 2017.  Are you with me? 
VOTE HERE: http://bit.ly/voteformadeiraÂ   ğŸ˜‰",2017-10-28T10:00:03.000Z
3812,38420,Camo style! ğŸ‘ğŸ¼ @CR7Underwear #CR7Underwear,2017-10-27T17:29:06.000Z
4686,50707,Good times at my hotel in Lisbon!  #PestanaCR7Lisbon,2017-10-27T11:30:04.000Z
27401,162028,"Ensinando aos meus 2 filhos com talento, trabalho e dedicaÃ§Ã£o e a Ãºnica forma de chegar a ser o nÃºmero 1â¤ï¸â¤ï¸ğŸ‡µğŸ‡¹",2017-10-25T18:09:18.000Z
61221,236174,Not bad 11 ğŸ˜‰ğŸ˜‰ğŸ˜‰ğŸ˜‰ğŸ˜‚ğŸ˜‚,2017-10-25T14:37:04.000Z
23854,187725,â¤ï¸,2017-10-24T19:10:21.000Z
25342,154850,â¤ï¸â¤ï¸â¤ï¸â¤ï¸â¤ï¸â¤ï¸â¤ï¸,2017-10-24T09:37:24.000Z
67524,214288,"Amazing feeling to have won this award again. Want to dedicate to my family, my friends, my teammates and coaches from both Real Madrid and Portuguese NT and everyone who supported me.",2017-10-23T21:18:14.000Z
6901,61670,Here we go again!!ğŸ‘ğŸ½,2017-10-23T14:52:13.000Z
4245,30917,"My Air Max 97 CR7â€™s are available exclusively on the Nike SNEAKRS app today! #Airmax #CR7
Go to http://Nike.com/SNEAKRSÂ ",2017-10-23T07:02:34.000Z
28150,137962,ğŸ‘Œ,2017-10-21T10:54:50.000Z
12488,97798,ğŸ‘Œ,2017-10-19T16:23:11.000Z
13514,103833,âš½ï¸,2017-10-18T17:28:14.000Z
23562,84643,ImpossÃ­vel ficar indiferente a esta tragÃ©dia. SolidÃ¡rio com familiares e amigos das vÃ­timas. Apoio total aos bombeiros que arriscam a vida para ajudar da melhor forma possÃ­vel.ğŸ™ğŸ½ğŸ‡µğŸ‡¹ğŸ‡ªğŸ‡¸,2017-10-16T21:44:14.000Z
4476,33904,"Coming soon!!! Check out my Air Max 97 CR7 ! #AirMax #CR7

Download the Nike SNEAKRS App to find out more http://nike.com/SNKRSÂ ",2017-10-16T18:00:05.000Z
9036,92798,Having lunch in the best restaurant in town!ğŸ‘ŒğŸ½ğŸ˜,2017-10-16T13:16:52.000Z
13158,113755,âœŒï¸,2017-10-15T11:00:46.000Z
13320,87190,EquipoğŸ‘ŒğŸ‘Œvamos,2017-10-14T17:50:01.000Z
5181,50701,Happy to announce the #CR7Challenge winner. Congrats @daniel_nilsen âš½ï¸ ğŸ‘,2017-10-13T17:30:04.000Z
3125,24939,"Turning on the light.
Youâ€™re about to get a glimpse of high-performance in digital!
#7egend @official_7egend",2017-10-12T19:06:46.000Z
7118,51008,Motivation! This bag of plasma can help save lives. Share a selfie donating to inspire others! #IPAW2017 #BETHE1Donor,2017-10-11T17:31:06.000Z
17306,97614,"Great team effort! Thank you all for your support. Russia, here we come!!ğŸ‘ğŸ½ğŸ‡µğŸ‡¹",2017-10-11T09:49:10.000Z
12181,103082,Ready ğŸ‡µğŸ‡¹ğŸ‡µğŸ‡¹ğŸ‘Œ,2017-10-09T13:44:06.000Z
13716,105970,ğŸ‡µğŸ‡¹,2017-10-08T10:13:55.000Z
15377,119859,Old school ğŸ‡µğŸ‡¹,2017-10-07T09:57:30.000Z
2590,21999,THE FUTURE OF DENIM ğŸ’ª Shop my  #CR7Denim collection now on http://www.cr7.comÂ  @cr7limitless,2017-10-05T17:00:05.000Z
12062,93017,ğŸ‡µğŸ‡¹ğŸ‡µğŸ‡¹âœŒï¸,2017-10-05T12:01:04.000Z
5323,43850,"Read my story on @Playerstribune.
Find out more: https://www.theplayerstribune.com/cristiano-ronaldo-madrid-english/Â â€¦
#Mercurial #CR7 #NikeFootball",2017-10-03T14:21:49.000Z
2560,22631,A sneak peek into THE FUTURE OF DENIM ğŸ’ª Shop my new #CR7Denim collection now on http://www.CR7.comÂ  @CR7Limitless,2017-10-02T16:00:05.000Z
26279,161414,"EstarÃ¡s sempre connosco. ParabÃ©ns, pai. ParabÃ©ns, avÃ´.ğŸ™ğŸ½â¤ï¸",2017-09-30T12:45:15.000Z
11703,51412,Show me your spin on it #FIFA18 @easportsfifa http://x.ea.com/36673Â ,2017-09-29T17:00:06.000Z
10154,68414,I think Cris loves them more than I do! ğŸ˜œâ¤ï¸ Chapter 5: available now on http://nike.com/CR7#MercurialÂ  @nikefootball,2017-09-29T11:33:58.000Z
47125,198786,âœˆï¸,2017-09-26T21:29:22.000Z
6895,48608,"Match day tomorrow. Letâ€™s do this ğŸ™Œ #Mercurial #CR7 #NikeFootball 
available on http://NIke.com/CR7Â , September 29th.",2017-09-25T18:50:43.000Z
13155,104989,ğŸ˜‰,2017-09-25T16:11:02.000Z
9251,89245,âœˆï¸ travel,2017-09-25T09:07:18.000Z
123084,342975,"En este momento de dolor, envÃ­o a la familia de Santiago y a todas las familias que han perdido sus seres queridos un enorme abrazo.",2017-09-24T18:57:29.000Z
7648,68531,Recovery session happy Sunday âœŒï¸ğŸ’•,2017-09-24T11:48:35.000Z
2965,34150,Unbeatable Performance with 2x the Power!  ğŸ¤œğŸ¼ ğŸ¤›ğŸ¼ #CLEARMen,2017-09-22T17:00:04.000Z
8352,52712,"Canâ€™t wait to play in these ğŸ’ ! #Mercurial #CR7 #NikeFootball
available on http://NIke.com/CR7Â , September 29th.",2017-09-21T17:43:41.000Z
93226,324259,Un abrazo muy fuerte y solidario para Mexico,2017-09-20T08:54:52.000Z
3071,27851,A great partner balancing between its social responsibility and its advancement in the steel industry. @AhmedAbuHashima @egyptian_steel,2017-09-19T16:23:05.000Z
5084,45421,ğŸ˜‰ @CR7Underwear,2017-09-18T18:00:07.000Z
11973,110444,Bom diaâœŒï¸,2017-09-15T08:17:24.000Z
28456,155649,âœŒï¸,2017-09-14T13:26:20.000Z
11662,59232,"Number ğŸ‘† in @easportsfifa
Now how many goals can you score with me in the #FIFA18 demo? http://x.ea.com/35632Â  #ad",2017-09-12T19:00:04.000Z
11330,106439,ğŸ‘ŒğŸ‘ŒğŸ‘Œ,2017-09-12T11:23:33.000Z
11830,90614,Eyes ğŸ‘€ are the mirror of the soul ğŸ‘ŒğŸ‘ŒğŸ‘Œ,2017-09-11T11:41:56.000Z
10733,98053,Happy Sunday ğŸ‘ŒğŸ‘–ğŸ‘”,2017-09-10T11:23:50.000Z
5557,53619,#LiveLifeFit @cr7crunchfitness  ğŸ’¯ğŸ’ª #Fitness #Madrid,2017-09-08T18:32:06.000Z
7994,71663,Momentos ğŸ‘ŒğŸ‘ŒğŸ‘Œ,2017-09-08T16:16:37.000Z
7957,56045,"Having fun tonight at the global launch of my first casual fragrance, CR7! ğŸ‘ŒğŸ»âš½ #cr7fragrance #myfragranceyourgame",2017-09-07T20:31:16.000Z
4508,47058,Nothing better than workout with this view ğŸ™ğŸ¼ğŸ˜ @PestanaCR7 #MadeiraIsland #Funchal,2017-09-06T18:41:58.000Z
3827,37051,"Have you ever had the hassle of a broken phone? I didâ€¦ So now my new partner, @PanzerGlass, and I have created unique screen protection ğŸ˜",2017-09-05T17:30:06.000Z
13632,109196,Vestido com a minha linha de camisas e calÃ§as ğŸ‘ŒğŸ‘ŒğŸ‘ŒğŸ‡µğŸ‡¹,2017-09-05T10:18:26.000Z
17916,119955,Very important victory!ğŸ’ªâš½ï¸,2017-09-03T21:39:39.000Z
16510,116111,ğŸ‡µğŸ‡¹,2017-09-01T13:40:17.000Z
14291,87980,"Focused and ready to let loose ğŸ‡µğŸ‡¹âš½
#playfree #mercurial",2017-08-30T18:00:54.000Z
12277,90280,âš½ï¸ğŸ‡µğŸ‡¹ğŸ‘,2017-08-30T11:20:00.000Z
13842,95522,Nice to be back to the National Team!ğŸ‡µğŸ‡¹ğŸ’ª,2017-08-29T11:22:50.000Z
3054,38196,Time to check out @PestanaCR7,2017-08-28T17:33:06.000Z
3884,34010,âš½ğŸ† #CLEARMen,2017-08-26T17:30:06.000Z
10132,81119,THE MANğŸ†,2017-08-26T10:37:31.000Z
19648,101588,GRACIAS EQUIPOğŸ†ğŸ‘ŒğŸ™ğŸ½âœŒï¸â¤ï¸,2017-08-25T16:22:02.000Z
30409,137635,ğŸ‘€ğŸ†,2017-08-25T11:58:19.000Z
46132,147659,"Thanks to my teammates, coaches and staff who helped me win this trophy. I dedicate this to my family, friends and fans. This is also yours!",2017-08-24T18:39:17.000Z
11968,90323,âœˆï¸,2017-08-24T11:57:28.000Z
3711,31130,Have you ever related steel to eco-friendly? I did.. thatâ€™s why Iâ€™ve partnered with the most safety-oriented steel brand #Egyptian_Steel,2017-08-23T11:30:02.000Z
26652,106333,Mais uma decisÃ£o incompreensÃ­vel. InjustiÃ§as que nunca me derrubarÃ£o. E como sempre voltarei mais forte. Obrigado aos que me tÃªm apoiado.,2017-08-22T18:10:06.000Z
17133,119908,ğŸ˜ğŸ‘Œ,2017-08-22T13:41:56.000Z
7115,37188,New season. The Worldâ€™s Game kicks off September 29. http://x.ea.com/34851Â  @easportsfifa #FIFA18 #ad,2017-08-21T17:01:29.000Z
7981,54836,My secret is dedication. ğŸ’¯ @CR7CrunchFitnes #LiveLifeFit #Fitness,2017-08-18T17:57:51.000Z
25906,140186,ğŸ™ğŸ½,2017-08-18T10:37:14.000Z
45459,152084,Consternado com as notÃ­cias que chegam de Barcelona. Todo o apoio e solidariedade a famÃ­lia e amigos das vÃ­timas.,2017-08-17T17:09:06.000Z
31893,159024,champions Super Cup ğŸ‘ŒğŸ‘ŒğŸ†,2017-08-17T09:31:49.000Z
22958,120664,Great session this morning!!!! Winning team ğŸ‘Œ,2017-08-14T12:34:26.000Z
58087,197431,Team ğŸ‘Œ,2017-08-14T00:41:18.000Z
23271,166222,Blessedâ¤ï¸â¤ï¸â¤ï¸,2017-08-12T11:48:00.000Z
4953,50060,"Living in my #CR7Denim jeansğŸ‘–A big shout out to my fans for the support âœ‹ Thank you, Obrigado and Gracias! @cr7limitless",2017-08-10T18:01:35.000Z
12641,100170,ğŸ‘Œ,2017-08-10T12:47:13.000Z
28465,129687,ğŸ†,2017-08-09T11:24:34.000Z
40131,133406,SUPER CUP ğŸ™ğŸ†ğŸ†ğŸ†ğŸ†,2017-08-08T22:17:22.000Z
4052,29595,Proud to announce that my #CR7Denim Collection is now officially LIVE at http://CR7.comÂ Â Â Â ğŸ‘–ğŸ’ª@CR7limitless,2017-08-07T18:04:10.000Z
14262,97350,Looking goodğŸ‘Œ,2017-08-07T08:41:48.000Z
5899,52338,COMFORT IS THE NEW LUXURY! ğŸ‘–Can't wait for the official launch of my #CR7Denim Collection tomorrow!! ğŸ’ªğŸ¼ğŸ’ªğŸ¼ğŸ’ªğŸ¼ @CR7limitless,2017-08-06T18:02:08.000Z
26109,124346,Great to be back!ğŸ‘ğŸ¼âš½,2017-08-05T20:50:57.000Z
4792,50807,"I only choose a shampoo that is best for me, keeping me Dandruff-Free. #CLEARMen",2017-08-05T12:36:03.000Z
6258,56600,Coming soon! #CR7Fragrance #MyFragranceYourGame ğŸ•‘ğŸ˜‰ğŸ‘ŒğŸ¼,2017-08-04T18:02:01.000Z
6603,42211,"â€œSon, follow your dreams.â€ I always remember my parentsâ€™ advice. Whatâ€™s the best advice youâ€™ve received? #ad @Herbalife",2017-08-03T18:08:45.000Z
2413,23830,Happy with my new partnership with @EXNESS,2017-08-02T11:58:23.000Z
19685,71343,"A lot can happen in 5 years but for some refugee kids, nothing has changed. Don't forget about them. #Zaatari #Syria @SavetheChildren",2017-07-28T09:08:33.000Z
12186,66510,"It's good to see how fast I'm ""shared"" in the United States ğŸ¤£ğŸ‘ğŸ½ #RonaldoFaster",2017-07-27T18:28:51.000Z
3480,34158,"TB one year ago, at the opening of my first hotel! @PestanaCR7",2017-07-25T17:58:47.000Z
5365,41042,Thank you China! I'm deeply moved by your passion for brilliance. See you next time. å†è§ âš½ğŸ‘‹ğŸ¼ğŸ‡¨ğŸ‡³ #Playfree #CR7LIVE,2017-07-24T17:02:18.000Z
3810,32541,"China's stars of tomorrow, you've earned this gift. Keep working hard, but remember to play your way. Remember #playfree #CR7LIVE #Mercurial",2017-07-24T14:04:11.000Z
2014,18520,"Hitting the gym before day 3 in China! Checkout my new workouts in the #NTC app. Try and keep up! ğŸ˜‰ğŸ’ªğŸ¼ #CR7LIVE
http://gonike.me/NTC_CR7Â ",2017-07-24T11:06:24.000Z
4344,32638,Congratulations to the Nike League champions. The future of  football is yours. Work hard and #Playfree #CR7LIVE @nikefootball,2017-07-23T18:57:48.000Z
5078,40808,"ä½ å¥½, China! Day 2. Taking a journey through my #Mercurial past at the Beijing house of brilliance. ğŸ‡¨ğŸ‡³âš½",2017-07-23T14:30:11.000Z
6333,57107,Thank you Shanghai! More tomorrow... #CR7LIVE,2017-07-22T20:01:13.000Z
7718,51830,First stop. Seems a few people got here before me. ğŸ˜œ#CR7LIVE,2017-07-22T15:42:18.000Z
7735,56316,Hello China! I'm here for 3 days. Ready for brilliance.   ğŸ‘Š  #CR7LIVE #Playfree,2017-07-22T10:03:16.000Z
6038,47517,Spent great time in Singapore. Look forward to meet with Peter Lim again soon.,2017-07-21T17:23:51.000Z
5906,56013,TEAM!ğŸ’ªğŸ”ğŸ‘Œ #CR7live,2017-07-20T16:52:33.000Z
9554,70664,âœˆï¸ğŸ‘ŒğŸ” #nike #CR7live,2017-07-20T08:38:19.000Z
3865,35428,Thrilled to be part of the family @tatelrestaurant @ZelaRestaurants. Best team @enriqueiglesias @paugasol @RafaelNadal <3,2017-07-18T15:00:11.000Z
4041,40518,Talking business in my favourite  restaurant #TATELIbiza! Big news coming soon!!,2017-07-17T20:21:59.000Z
11064,50542,I'm âœˆï¸âœˆï¸ to watch the best of ğŸ‡¨ğŸ‡³âš½ï¸. Heard that football is booming there. Can't wait to see the brilliance. ğŸ‘Š@nikefootball,2017-07-15T17:46:30.000Z
5536,49082,The feeling of waking up like this @PestanaCR7,2017-07-14T18:02:54.000Z
6287,44679,"Iâ€™m always looking for ways to be healthier, faster, and stronger. What are you doing to better yourself? #TrueToYourStory #ad",2017-07-13T17:34:46.000Z
29409,169326,Big family with love â¤â¤â¤â¤â¤â¤â¤â¤â¤â¤,2017-07-12T15:54:31.000Z
23478,158998,Lovely momentsğŸ˜,2017-07-10T08:37:27.000Z
4485,46128,Shoot like a pro with nubia Z17. @nubiasmartphone,2017-07-09T17:24:11.000Z
4515,37415,Not slowing down. Get the Air Zoom Mariah Flyknit Racer now at http://nike.com/sportswearÂ . ğŸ’¨ @nikesportswear #teamnike,2017-07-08T16:56:46.000Z
5883,40505,Being an athlete is a lifestyle. Train ğŸ‘ğŸ¼practice healthy habitsğŸ‘ğŸ¼fuel your body with good nutritionğŸ‘ğŸ¼ #TrueToYourStory #ad,2017-07-06T17:35:24.000Z
60021,249752,Blessed,2017-07-04T15:47:51.000Z
13473,104237,Good morningğŸ‘ŒğŸ‘€ğŸ˜ğŸ¡,2017-07-04T09:55:00.000Z
11857,77142,"Todos juntos, dentro e fora de campo. Vamos malta!ğŸ’ªğŸ‡µğŸ‡¹",2017-07-01T22:22:24.000Z
170292,593470,So happy to be able to hold the two new loves of my life ğŸ™â¤,2017-06-29T17:09:37.000Z
12352,77057,ready for tomorrowğŸ‡µğŸ‡¹ğŸ‘ŒğŸ‘,2017-06-27T10:15:46.000Z
4243,35733,Recover stronger with a combination of carbs and protein to aid in muscle repair. #TrueToYourStory #sponsored,2017-06-26T18:10:51.000Z
4535,47017,Gaming experience of nubia Z17 is amazing.,2017-06-26T11:40:21.000Z
9533,70276,FocusedğŸ‘ŒğŸ‡µğŸ‡¹,2017-06-26T09:59:10.000Z
14821,93137,ğŸ˜ƒğŸ‡µğŸ‡¹,2017-06-25T08:56:41.000Z
16384,82089,Semi final well done team ğŸ‡µğŸ‡¹ğŸ‘ğŸ‘Œ,2017-06-24T18:32:48.000Z
12883,80492,ğŸ‘€ready ğŸ‘,2017-06-23T15:11:58.000Z
16340,76751,MUITO BEM EQUIPA ğŸ‡µğŸ‡¹ğŸ‡µğŸ‡¹ğŸ‡µğŸ‡¹ğŸ‡µğŸ‡¹ğŸ‡µğŸ‡¹,2017-06-21T18:42:13.000Z
15001,46037,Everyone please watch this video from @SavetheChildren for #WorldRefugeeDay,2017-06-19T15:34:03.000Z
9850,65092,Let's go to Moscow ğŸ‘,2017-06-19T12:43:25.000Z
16691,77592,"New boots. Same goal. ğŸ†ğŸ”ğŸ‡µğŸ‡¹
#Mercurial #Portugal #CR7 #Nike #Football #Soccer",2017-06-17T17:39:56.000Z
16905,97492,ğŸ‡µğŸ‡¹,2017-06-16T22:04:25.000Z
3841,27086,Excited with my second reveal with #Egyptian_Steel in partnership with @AhmedAbuHashima. State of the art steel plants building the future ğŸ‘,2017-06-15T17:40:52.000Z
19469,107417,"Proud to represent the National Team
ğŸ‡µğŸ‡¹ğŸ‡µğŸ‡¹ğŸ‡µğŸ‡¹ğŸ‡µğŸ‡¹ğŸ‡µğŸ‡¹ğŸ‡µğŸ‡¹ğŸ‡µğŸ‡¹ğŸ‡µğŸ‡¹ğŸ‡µğŸ‡¹ğŸ˜˜",2017-06-14T13:06:26.000Z
8228,46855,Bons momentos na companhia de verdadeiros campeÃµes!#terradossonhos @terradossonhos,2017-06-14T08:22:41.000Z
7045,41319,Excitedâ€¦tomorrow is #WorldBloodDonorDay! Be 'also' the oneâ˜ï¸ ! #BETHE1Donor #WorldBloodDonorDay,2017-06-13T18:07:30.000Z
15284,86785,Just relax and enjoy the viewğŸ¡ğŸ‘Œ,2017-06-11T11:03:47.000Z
5028,29481,Your body is like a race car ğŸ !! You need to fuel it right to keep performing at your best! #TrueToYourStory #sponsored,2017-06-08T17:29:28.000Z
17494,87723,Happy to be back homeâ¤ï¸ğŸ™,2017-06-07T11:41:19.000Z
21785,97476,Gracias aficionados ğŸ™,2017-06-06T14:16:39.000Z
35529,73880,#FIFA18. Itâ€™s My Time. http://x.ea.com/31888Â  @EASPORTSFIFA,2017-06-05T15:15:03.000Z
40616,137833,SimmmmmmmğŸ‘Œ,2017-06-05T09:09:45.000Z
46817,160771,#JustDoIt,2017-06-04T16:04:50.000Z
58953,174176,4 times in the row ğŸ‘Œ,2017-06-04T00:53:32.000Z
70078,162223,Champions. âš½ï¸âš½ï¸âš½ï¸âš½ï¸ğŸ˜˜â¤ï¸,2017-06-03T23:52:41.000Z
7004,32254,Pick your skill level. Master it. Do it again. ğŸ”âš½ğŸ”,2017-06-01T17:58:47.000Z
13772,58831,2days,2017-06-01T14:49:40.000Z
4983,36469,CR7 DenimğŸ‘ŒğŸ¼,2017-05-31T19:05:18.000Z
15989,75884,Drinking my tea and reading my bookğŸ‘ğŸ‘ŒğŸ˜˜,2017-05-30T16:15:06.000Z
5542,35458,"Maximize your time in the gym. Work smart, focus on your goals and prepare for any challenge that comes your way #TrueToYourStory #sponsored",2017-05-29T17:03:06.000Z
8906,31372,Glad to introduce the 1st reveal of my campaign with @egyptian_steel in partnership with @AhmedAbuHashima. Stay tuned for the 2nd reveal!,2017-05-27T17:39:40.000Z
4555,26802,"Sprinting ğŸ‘Ÿ, juggling and balancing techniques âœ” Trading skills
with @Herbalife. Can you âš½ like me? #TrueToYourStory #ad",2017-05-24T17:00:06.000Z
2083,14436,"Today was announced the new @ altice brand... like it ğŸ‘ We keep together"" #Altice  http://altice.netÂ ",2017-05-23T16:57:29.000Z
52022,166624,,2017-05-23T09:30:58.000Z
54168,119046,Champions ğŸ‡µğŸ‡¹ğŸ‡ªğŸ‡¸simmmmmmmmmm,2017-05-21T21:50:05.000Z
2953,21467,Throwback to my CR  Legacy fragrance shoot! ğŸ“¸Check out more pictures here http://www.cristianoronaldofragrances.comÂ  #CRFragrances,2017-05-19T17:23:42.000Z
3582,25068,#TBT to the ï¬rst time I took my @CR7limitless jeans for a spin. ğŸš´ğŸ¼ğŸ‘–http://CR7.comÂ ,2017-05-18T19:47:08.000Z
12458,67897,ğŸ˜,2017-05-18T11:10:52.000Z
17579,56859,Well done boysğŸ‘ŒğŸ‘,2017-05-17T22:24:52.000Z
3239,22476,We already had 250 000 visitors in my @CR7Museu !! Thank you all!ğŸ‘ğŸ‘Œ,2017-05-16T17:12:06.000Z
2453,20887,Thumbs up for nubia Thailand Flagship Store grand opening and good luck on the Mobile Expo 2017. @nubiasmartphone,2017-05-15T17:13:27.000Z
11926,64839,ğŸ‘,2017-05-15T10:10:25.000Z
17944,73057,âš½ï¸ğŸ‘Œ,2017-05-14T21:41:32.000Z
10883,57869,ğŸ‘Œâš½ï¸âš½ï¸âš½ï¸âš½ï¸,2017-05-13T12:19:39.000Z
9245,68623,Good night â¤ï¸â¤ï¸,2017-05-11T20:34:13.000Z
31081,76162,VAMOS EQUIPOğŸ‘ŒğŸ‘,2017-05-10T21:07:26.000Z
11773,61928,ğŸ‘Œâš½ï¸ğŸ‘,2017-05-08T17:07:38.000Z
8715,57602,Selfie timeâ˜€ï¸ğŸ‘ŒğŸ‘ğŸ™,2017-05-08T12:02:24.000Z
11805,64861,"Love youâ¤ï¸
#happymothersday",2017-05-07T15:32:37.000Z
7159,43117,A new project is coming soon... stay tuned!,2017-05-05T16:54:28.000Z
3860,19276,"Iâ€™m fast, but it would take me three matches to run this far. ğŸ˜… #BREAKING2 #TEAMNIKE",2017-05-05T07:37:25.000Z
14601,70767,ğŸ‘,2017-05-03T18:17:43.000Z
35256,92329,TogetherğŸ’ªğŸ’ªğŸ’ª,2017-05-02T23:21:58.000Z
13279,67211,UCLğŸ‘ŒğŸ‘,2017-05-01T16:44:10.000Z
18890,64114,VamossssssssssğŸ‘well done boysğŸ‘ŒğŸ‘ŒğŸ‘ŒğŸ‘ŒğŸ‘ŒğŸ‘Œ,2017-04-29T16:38:53.000Z
2933,23902,Feeling the love from around the world on CR7 Denim. It means a lot! Remember to sign up at http://CR7.comÂ  and follow @CR7limitless,2017-04-27T17:00:52.000Z
7424,53372,It's always a pleasure to meet nice people! God bless you and your familyğŸ‘ŒğŸ‘ğŸ™â¤ï¸,2017-04-25T12:14:29.000Z
4289,28356,So excited to finally announce CR7 Denim is almost here and launching on 1st June. Head to http://CR7.comÂ  and follow @CR7limitless,2017-04-21T18:29:00.000Z
11453,59385,ğŸ‘Œ,2017-04-21T12:12:08.000Z
4178,29073,Big announcement coming @CR7limitless . Any ideas?,2017-04-20T16:23:28.000Z
4717,23332,"From Manchester to Madrid, scoringÂ ğŸ’¯âš½ #Mercurial available onÂ http://Nike.Com/CR7Â  @nikefootball",2017-04-19T17:26:51.000Z
26043,80283,ğŸ‘,2017-04-19T13:23:56.000Z
34412,79668,Another night to remember. Amazing win!! Great team work! ğŸ‘ğŸ¼ğŸ’ªğŸ¼ğŸ”,2017-04-18T23:32:12.000Z
11180,51347,Ganadores ğŸ‘Œ,2017-04-16T11:57:59.000Z
14993,53872,"Feliz, por haber logrado el rÃ©cord con la camiseta de este club. 
Hala Madrid! ğŸ’¯ğŸ‘",2017-04-13T19:49:19.000Z
5000,27203,"Train hard to win the toughest battlesğŸ’ª #Mercurial
My #CR7 Chapter 4 training gear is out on http://Nike.comÂ ",2017-04-13T12:01:13.000Z
37859,73474,"So happy with the victory tonight and to have reached ğŸ’¯âš½ in European competitions.
A huge thanks to all my team mates and coaches.",2017-04-13T00:25:36.000Z
11261,61788,good morning ğŸ‘€ğŸ•¶ğŸ‘ŒğŸ¼ğŸ‘ğŸ¼,2017-04-11T08:39:37.000Z
4412,24320,"Forged in Manchester ğŸ’ªğŸ¼#Mercurial
Available tomorrow ğŸ‘€ğŸ‘‰ğŸ¼http://Nike.com/CR7Â ",2017-04-10T08:04:14.000Z
4886,37776,ğŸ‘€ğŸ‘ŒğŸ¼,2017-04-07T18:34:52.000Z
4451,20171,"Putting the 7 into CR7. Many happy memories of Manchester ğŸ† ğŸ‘Œ #Mercurial 
CR7 Chapter 4 - Available April 10  @nikefootball",2017-04-07T07:52:16.000Z
7025,34965,First day with my new boots. ğŸ‘Œ,2017-04-06T19:16:59.000Z
9341,35910,"My new #Mercurial â€“ inspired by the 6 years in Manchester that made me CR7 ğŸ’ª 
CR7 Chapter 4 - Coming April 10",2017-04-06T07:01:06.000Z
4734,29812,SoonğŸ‘€,2017-04-04T08:34:25.000Z
8209,53098,ğŸ‘ğŸ¼,2017-04-03T17:30:40.000Z
7919,49189,Selfie timeğŸ‘Œ,2017-04-01T11:10:32.000Z
5379,35763,Be focusğŸ‘€,2017-03-31T11:29:07.000Z
5527,23887,"Just finished shooting with @nubiasmartphone, very impressed by the dual camera! Looking forward to the product launch on April 6th",2017-03-30T09:04:54.000Z
8645,41828,Proud ğŸ‘ŒğŸ‘ŒğŸ‘ŒğŸ›«,2017-03-29T19:16:21.000Z
10439,39302,Happy and honored to have my name given to the Madeira airport! âœˆï¸ğŸ‘,2017-03-29T16:17:36.000Z
9997,42345,Always special to be back home!ğŸ†ğŸ‘ğŸ”,2017-03-27T19:58:53.000Z
11123,52647,ğŸ‡µğŸ‡¹âš½ï¸,2017-03-27T14:03:04.000Z
10245,66793,Lunch with my little manâ¤ï¸â¤ï¸â¤ï¸,2017-03-26T13:21:20.000Z
15687,55615,Well done boys ğŸ‘ŒğŸ‡µğŸ‡¹,2017-03-25T22:19:24.000Z
9611,46192,Great mood With my boyğŸ‡µğŸ‡¹ğŸ‘Œ,2017-03-24T19:58:36.000Z
4229,25190,Just dream it and achieve your potential! Now share your success story with @turktelekom to inspire us all. #justdreamit #senyeterkihayalet,2017-03-24T13:31:40.000Z
6115,31284,Glad to meet these amazing kids today! They are a true source of inspiration ğŸ’ª @terradossonhos,2017-03-23T16:50:31.000Z
11177,56811,ğŸ‡µğŸ‡¹ğŸ‡µğŸ‡¹ğŸ‡µğŸ‡¹,2017-03-23T12:56:31.000Z
3830,27952,Perfect for the summer! ğŸ‘ğŸ¼ğŸ” @CR7underwear http://www.CR7Underwear.comÂ ,2017-03-20T18:17:27.000Z
15562,66107,ğŸ‘Œ,2017-03-18T21:16:09.000Z
1690,11053,Always staying ahead of the competition. ğŸ‘ğŸ¼ Speed training with @Herbalife . #sponsored #TrueToYourStory,2017-03-17T16:47:23.000Z
17684,51285,Today I think of Syrian kids like Omar* who drew his dream of being a barber. âœ‚ #SaveSyriasChildren @SavetheChildren,2017-03-15T18:18:43.000Z
2295,14791,"Did you check out the latest update for my mobile game? It's awesome! How many goals can you score?
Update Now: http://bit.ly/KicknRunÂ ",2017-03-14T18:06:22.000Z
3887,27948,Had a lot of fun today at the grand opening of the CR7 Crunch Fitness at Ciudad LinealğŸ‘ŒğŸ”,2017-03-13T22:37:54.000Z
3387,21600,"Ya conoces mi nuevo gimnasio @CR7CrunchFitnes ? Ven a ciudad Lineal, hasta el final del mes y  aprovecha la matrÃ­cula gratis ğŸ˜‰",2017-03-13T17:29:36.000Z
3047,19557,All of my favourite styles ï¿¼ï¿¼ï¿¼are in the SS17 #CR7Underwear campaign!,2017-03-06T15:13:54.000Z
8333,45919,Training ğŸ‘ğŸ‘Œ,2017-03-05T17:57:03.000Z
12159,41951,VAMOS EQUIPO. HALA MADRID ğŸ‘ŒğŸ‘,2017-03-04T13:36:21.000Z
2193,14512,"To be a champion, you need the best. @Xtrade will give you the right tools to start with. http://bit.ly/2lytZPkÂ ",2017-03-02T18:19:13.000Z
6831,51676,ğŸš´ğŸ»,2017-02-28T11:28:34.000Z
13566,51734,Well done teamğŸ‘ğŸ‘Œ,2017-02-26T23:03:36.000Z
7831,34827,Hala Madrid ğŸ‘ğŸ‘Œ,2017-02-25T15:08:47.000Z
22862,112586,ğŸ¡ğŸ˜â˜€ï¸,2017-02-21T12:50:49.000Z
6663,50009,ğŸ‘ŒğŸ‘ŒğŸ‘Œ,2017-02-19T18:47:26.000Z
14045,68022,ğŸ‘,2017-02-16T09:16:13.000Z
2410,18444,"Have you seen the new update of @cr7selfie? Now you can have a selfie with me and the Ballon Dâ€™or!
Try it now âœŒğŸ“¸ #CR7Selfie #FanWithACause",2017-02-14T18:05:50.000Z
2010,12323,Having some fun on the set of my latest @CR7underwearâ€‹ campaign! Check it out! http://www.CR7Underwear.comÂ ,2017-02-13T20:33:31.000Z
3179,20040,It's all about the detail! My new @CR7underwear collection and campaign launches TODAY! http://www.CR7Underwear.comÂ ,2017-02-13T17:25:03.000Z
9686,57401,ğŸ‘Œ,2017-02-09T13:13:19.000Z
28131,115140,ğŸ‚ğŸ¥‚â¤ï¸,2017-02-05T20:50:15.000Z
5228,33020,You got La Silver? I got La Gold. Want to argue? ğŸ˜ #am97 #gold @nikesportswear,2017-02-04T14:01:51.000Z
7868,49046,Be serious ğŸ˜‰ğŸ˜‰ğŸ˜‰,2017-02-03T17:03:14.000Z
2432,16215,Discover #CristianoRonaldo Collection and amazing outfits at http://www.sacoorbrothers.comÂ  and complete a remarkable moment!,2017-02-02T18:33:09.000Z
5865,33824,Shooting dayğŸ‘Œ,2017-02-01T17:36:33.000Z
7597,59083,ğŸ‘€,2017-01-31T12:03:17.000Z
6504,25388,Crash and burn @DwyaneWade âš½ğŸ’¯ #raiseit http://www.nowraiseit.comÂ ,2017-01-30T18:11:28.000Z
12063,57824,âš½ï¸,2017-01-30T15:41:06.000Z
1819,13724,"NEW HIGHSCORE! Can you beat me? Show me your skills and reply with your highscore.
http://bit.ly/KicknRunÂ ",2017-01-28T18:00:09.000Z
2669,18445,This Valentineâ€™s Day give to your loved ones my ultimate comfort #CR7blankets. Save 15% with promo code: LOVECR7 at http://www.CR7blankets.comÂ ,2017-01-25T12:11:15.000Z
6715,32902,Thanks for the support of Chinese fans. Glad to be the æ‡‚çƒå¸(All Football) 2016 best player.,2017-01-24T21:01:14.000Z
4699,33924,My teamğŸ‘ŒğŸ‘ŒğŸ‘Œ,2017-01-23T19:43:38.000Z
4679,21942,I can rise to any challenge @DwyaneWade gives me. Tell him who you think won? #raiseit ğŸ’¯ğŸ˜‚ http://www.nowraiseit.comÂ ,2017-01-19T13:53:57.000Z
8171,43016,Mood,2017-01-16T16:56:48.000Z
9394,39008,The Best FIFA 2016 award is already available in my Museu CR7  ğŸ‘ŒğŸ”,2017-01-13T13:10:16.000Z
4814,28802,"Driving into 2017, another dream year ahead #DontCrackUnderPressure #tagheuer @TAGHeuer",2017-01-12T08:02:38.000Z
9425,37552,"I was looking for the fans, because you supporting me every day,since day one. The trophy it's yours too. Thank your very muchâ¤ï¸â¤ï¸â¤ï¸",2017-01-11T22:35:46.000Z
6322,31502,Guess where my eyes looking??? I let you know later ğŸ‘,2017-01-11T19:59:23.000Z
10552,43381,ğŸ‘ŒğŸ”,2017-01-10T17:40:40.000Z
2358,12962,Thanks @turktelekom,2017-01-10T17:38:59.000Z
12905,40381,You donâ€™t lift the trophy for best player in the world without your team. #JustDoIt,2017-01-10T08:03:31.000Z
37586,76033,"Delighted to win The Best FIFA award. Wouldn't be possible without my teammates, coaches and you who support me every day. Thanks everyone!",2017-01-09T20:34:00.000Z
7954,47476,ğŸ˜,2017-01-09T12:56:00.000Z
20629,57467,Thank you all for this amazing celebration!ğŸ‘ğŸ‘,2017-01-07T18:44:23.000Z
7411,28343,"Honoured to wear my CR7 #Mercurial VitÃ³rias boots today ğŸ™Œ ğŸ†
@nikefootball",2017-01-07T08:05:25.000Z
9811,38311,Happy to be in the http://UEFA.comÂ  Team of the Year for the 11th time! Thanks to all the fans who voted! #TOTY,2017-01-05T18:48:36.000Z
7085,34481,ğŸƒğŸ¼,2017-01-05T15:29:40.000Z
11882,43615,"Desejo a todos o melhor do mundo em 2017. Bom ano! 
I wish you all the best in the world in 2017! Happy New Year.",2016-12-30T20:59:59.000Z
4247,20951,"Silky smooth in time for the New Year & Iâ€™m not talking about the shave @DwyaneWade ğŸ˜‚ #raiseit 
http://www.nowraiseit.comÂ ",2016-12-30T10:05:03.000Z
3314,21683,The end of the year is approaching. Which @TAGHeuer timepiece should I choose? Sporty or elegant? #DontCrackUnderPressure,2016-12-29T20:00:14.000Z
4631,24673,Hoy en la Gala Inocente Inocente podrÃ©is ver mi visita a un proyecto de esta FundaciÃ³n que ayuda a los niÃ±os que mÃ¡s lo necesitan.,2016-12-28T19:59:54.000Z
3577,18313,"To celebrate the end of 2016, @TAGHeuer asked me to prove how I didn't crack under pressure.",2016-12-27T19:21:42.000Z
2619,16170,"The most amazing fireworks will be seen at the top of @PestanaCR7 Funchal.
Donâ€™t miss it ğŸ˜‰ http://bit.ly/2cMEIUGÂ ",2016-12-26T20:11:57.000Z
5746,34853,ğŸ‘,2016-12-25T22:26:19.000Z
16077,54734,Merry Christmas world â¤ï¸â¤ï¸â¤ï¸,2016-12-24T19:58:25.000Z
51788,72550,A message of hope to the children affected by the conflict in Syria. @SavetheChildren,2016-12-23T14:01:51.000Z
2046,12397,"Just unboxed my new gift from @TAGHeuer . A unique Tourbillon watch full of diamonds, especially for me. Thank you to my friend @jcbiver",2016-12-23T09:01:50.000Z
1799,12673,Just received a gift from #CLEARMEN. Merry Christmas!,2016-12-22T17:02:51.000Z
4215,24850,Breakfast time in my spotğŸ‘ğŸ‘ğŸ‘ğŸ‡µğŸ‡¹,2016-12-22T11:46:30.000Z
1659,10566,"NEW update for my mobile game! Major improvements and amazing new boosters. Play against real players!
Download: http://bit.ly/KicknRunÂ ",2016-12-21T17:10:52.000Z
8991,40546,Spending time with my love ğŸ˜,2016-12-21T15:10:19.000Z
5046,24456,Moments ğŸ‘,2016-12-21T13:38:55.000Z
2629,18256,Getting into the spirit of the season with Sacoor Brothers! Shop http://www.sacoorbrothers.comÂ  for the best styles for you and your gift list!,2016-12-20T18:04:52.000Z
3073,18045,"Happy with my new project CR7 Crunch Fitness in Madrid. Live Life Fit, take a look http://www.cr7fitnesscrunch.comÂ ",2016-12-19T18:06:07.000Z
2932,18562,"After so much demand,I've decided to open the doors to my online The Private Edition members club for the next week! http://facebook.com/CristianoRonaldoFragrancesÂ â€¦",2016-12-19T13:00:28.000Z
13991,50967,ğŸ‡µğŸ‡¹,2016-12-19T11:40:50.000Z
26506,61526,Simmmm. Happy to win another ğŸ† trophy. Well done team. Hala Madrid,2016-12-18T14:54:26.000Z
2556,14971,Thank you @jcbiver and @tagheuer for your kind words and the great presents ! #dontcrackunderpressure,2016-12-17T12:01:33.000Z
2262,15154,Want to see exclusive footage and unreleased images from The Private Edition photoshoot? http://facebook.com/CristianoRonaldoFragrances/Â â€¦,2016-12-14T12:00:44.000Z
15526,45538,My golden ball it's available in my museum in MadeirağŸ‘ğŸ‘ğŸ‘ğŸ‘âš½ï¸,2016-12-14T10:34:01.000Z
2806,16756,"I'm now in Japan for next important title. #Sixpad, always helps me to perform my best. Get yours. Check http://www.sixpad.jpÂ ",2016-12-13T12:01:15.000Z
68750,127450,So happy and glad to win. Thanks Real Madrid and Portugal National team.amazing year. SimmmmmmmğŸ’ªğŸ½ğŸ’ªğŸ½ğŸ’ªğŸ½ğŸ’ªğŸ½,2016-12-12T22:34:31.000Z
3491,20058,Last chance to order my CR blankets for Christmas! Save 25% with promo code CRIS. http://cr7blankets.comÂ ,2016-12-12T12:46:15.000Z
2528,15922,Had a lot of fun creating The Private Edition scent. Watch here!http://facebook.com/CristianoRonaldoFragrances/Â â€¦,2016-12-08T17:04:42.000Z
3886,21130,ParabÃ©ns Ã  FundaciÃ³n Numen e Ã  FundaciÃ³n Inocente Inocente pelo magnÃ­fico trabalho que fazem no apoio a estas crianÃ§as.,2016-12-08T16:00:43.000Z
7883,24523,"Flip on the first try, @DwyaneWade. Donâ€™t start what you canâ€™t finish. ğŸ’¯ğŸ˜‚ #raiseit http://www.nowraiseit.comÂ ",2016-12-06T18:53:40.000Z
6892,32045,UCLğŸ‘,2016-12-06T15:16:31.000Z
2548,16218,Want to see me create the packaging for The Private Edition?  http://facebook.com/CristianoRonaldoFragrancesÂ â€¦,2016-12-05T17:06:40.000Z
9833,31777,Feliz por estar entre os melhores da FIFA junto dos meus dois treinadores. Obrigado a quem votou em mim e sobretudo aos meus companheiros,2016-12-02T19:30:34.000Z
2068,10883,Itâ€™s almost time! â° âš½ See how I spent yesterday preparing for the fastest match on ğŸŒ #StrikeSeries...,2016-12-02T17:18:18.000Z
3032,18240,Wanna save big on my CR7 blankets this Christmas? Shop http://www.cr7blankets.comÂ  to save 25% with promo code CHRISTMAS. Merry Christmas!,2016-12-02T12:03:23.000Z
1552,8035,Missed Tuesdayâ€™s training? Hereâ€™s a âš¡ FASTâš¡ video recap of Day 2ï¸âƒ£ #StrikeSeries ğŸ”ğŸ‘‰...,2016-12-01T19:02:50.000Z
3411,21730,"To celebrate the launch of my new fragrance, I have created my own online members club!",2016-12-01T15:00:55.000Z
3379,19326,"Very excited to launch my brand new fragrance tomorrow 
http://facebook.com/CristianoRonaldoFragrances/Â â€¦",2016-11-30T12:04:22.000Z
6703,27886,Equipa vencedora ğŸ”ğŸ‘ŒğŸ‘,2016-11-29T11:47:32.000Z
3971,15058,âœ…Day 1 complete. Hereâ€™s how I trained fast for El ClÃ¡sico today âš¡ #StrikeSeries ğŸ”ğŸ‘‰http://Nike.com/CR7Â  @nikefootball,2016-11-28T18:55:54.000Z
11462,39634,3 points ğŸ”ğŸ‘Œ,2016-11-26T18:44:33.000Z
7266,38296,ğŸ‘Œ,2016-11-25T15:05:21.000Z
7869,33670,Happy morning ğŸ‘ğŸ‘ğŸ‘,2016-11-24T15:16:44.000Z
10559,28169,"Open your eyes @DwyaneWade - this is how I wake up ğŸ™ˆ #raiseit

http://www.nowraiseit.comÂ ",2016-11-24T07:32:45.000Z
9217,39583,ğŸ‘Œ,2016-11-23T12:05:40.000Z
2203,11274,Honoured to debut my boots back where it all started. ğŸ™Œ CR7 Discovery ğŸ‘‰ http://Nike.com/CR7Â ,2016-11-22T09:08:34.000Z
3816,18391,"Inspired by the match that changed my career. ğŸ™Œ
Excited to wear my new boots tomorrow http://Nike.com/CR7Â 
#Mercurial",2016-11-21T17:33:31.000Z
2367,14692,Menâ€™s daily essentials #CLEARMEN #Mercurial #Ad,2016-11-21T08:02:08.000Z
4857,25364,Stretching boyğŸ‘,2016-11-20T18:14:30.000Z
17424,46456,TopğŸ‘well done teamâš½ï¸âš½ï¸âš½ï¸,2016-11-20T01:02:08.000Z
8858,37786,ğŸ˜ğŸ˜ğŸ˜ğŸ˜,2016-11-18T11:44:46.000Z
5075,26052,ğŸ’ªğŸ½ğŸ”,2016-11-17T17:56:44.000Z
3205,17160,Always working. ğŸ’ª Fresh Trainers. Gear up for the gym on http://Nike.com/CR7Â ,2016-11-17T08:29:44.000Z
3422,16741,Unleashed my inner lion while filming with @PokerStars ğŸ”¥ğŸ’ª #BeatTheClock,2016-11-16T18:24:12.000Z
9475,35439,ğŸ‡µğŸ‡¹ğŸ‡µğŸ‡¹ğŸ‡µğŸ‡¹ğŸ‡µğŸ‡¹,2016-11-14T10:36:00.000Z
3957,20810,ğŸ†•ğŸ” Love my new Collection ğŸ˜‰ http://Nike.com/CR7Â ,2016-11-12T18:04:07.000Z
3593,18205,"Target practice ğŸ¯ #Mercurial
CR7 Chapter 3, lace up at http://Nike.com/CR7Â ",2016-11-12T09:00:40.000Z
6775,27156,Glad to make your wishes come true!ğŸ‘ğŸ‘,2016-11-11T17:16:32.000Z
3478,17195,No substitute for hard work ğŸ‘ #StrikeSeries CR7 Chapter 3 Collection at http://Nike.com/CR7Â ,2016-11-11T09:01:16.000Z
7773,29573,NIKE MANğŸ”ğŸ‘ğŸ‘Œ,2016-11-10T12:19:22.000Z
6720,26878,ğŸ‡µğŸ‡¹,2016-11-09T19:39:20.000Z
4212,21764,Just found the next generation of Fast in Lisbon! #StrikeSeries ğŸ”âš½ğŸƒğŸ’¨,2016-11-09T15:00:31.000Z
3889,21008,Back in Lisbon leading a @nikefootball masterclass with the future of Fast. Watch out for these guys! ğŸ‘€â¡ğŸ† #Mercurial,2016-11-09T13:58:46.000Z
4649,20553,The ManğŸ”,2016-11-08T23:44:35.000Z
4760,19081,"My sports cars just got jealous ğŸğŸ’¥ #Mercurial
New wheels at http://Nike.com/CR7Â ",2016-11-08T16:01:44.000Z
4017,17064,"New wheels, same results. ğŸ’¯ğŸ‘Œ #Mercurial
New boots ğŸ‘€ ğŸ‘‰ http://Nike.com/CR7Â ",2016-11-08T08:00:13.000Z
6965,26581,Es un honor recibir nuevamente el trofeo Alfredo di Stefano. Gracias a todos! ğŸ‘ğŸ”,2016-11-07T22:58:23.000Z
9815,23402,You were behind this too!!?? Can't believe you guys did this behind my back!!! ğŸ˜‚ğŸ˜‚ğŸ‘ŒğŸ¼ğŸ‘ğŸ¼ğŸ” @07RQuaresma,2016-11-07T14:16:35.000Z
4473,18817,"ğŸ˜ Love my new #Mercurial boots.
ğŸ”CR7 Chapter3: Discovery ğŸ”
ğŸ‘€ğŸ‘‰ğŸ¼ http://Nike.com/CR7Â ",2016-11-07T08:01:38.000Z
4352,23528,Just came back from the tailor and my suit fits perfectly! Sacoor Brothers attention to detail is one reason why I am a huge fan!,2016-11-05T15:02:42.000Z
6514,31147,G morning ğŸ‘,2016-11-05T08:20:42.000Z
6609,26266,ğŸ‘ğŸ¼ğŸ‘ŒğŸ¼,2016-11-04T15:51:44.000Z
2680,13128,Check out my new @cr7footwear film FW16 Collection. I hope you enjoy it. http://www.cr7footwear.comÂ ,2016-11-03T18:53:42.000Z
6297,25951,Keep your head up!!!,2016-11-03T11:56:52.000Z
7577,27257,UCL ğŸ‘ğŸ¼,2016-11-01T20:33:59.000Z
2909,16641,"Spend the holidays with me! Visit http://CR7blankets.comÂ  to see my CR7 Christmas blankets! Super soft, save 15% with promo code CR7.",2016-11-01T17:59:57.000Z
2510,14787,I hope you enjoy my new @Cr7Footwear FW16 Collection as much as I do. Check it at http://www.cr7footwear.comÂ ,2016-10-31T18:04:23.000Z
7032,32744,ğŸ˜ğŸ‘ŒğŸ‘,2016-10-31T12:06:19.000Z
5654,26128,Good night ğŸ‘ğŸ˜œ,2016-10-30T19:52:34.000Z
6055,25679,Happy Halloween dayğŸ”ğŸ”ğŸ‘Œ,2016-10-30T13:53:36.000Z
6162,26695,With my boy ğŸ‡µğŸ‡¹ğŸ‡µğŸ‡¹ğŸ‘,2016-10-29T18:36:15.000Z
8685,25210,Great win and very important 3 points. Well done boys !!âš½ï¸âš½ï¸âš½ï¸ğŸ”,2016-10-29T17:48:00.000Z
1771,10849,"To stay fresh throughout a match, I use CLEAR #ad",2016-10-28T17:50:29.000Z
11250,38943,ğŸ‘ŒğŸ¼,2016-10-28T15:53:17.000Z
3463,21494,"Great dinner last night,discussing plans for the present and future ğŸ”ğŸ”ğŸ”ğŸ”",2016-10-28T10:24:53.000Z
4168,17347,"ğŸ’ª Extra effort.
âœ… Extra reward.
ğŸ† #StrikeSeries

Speed up with @nikefootballâ€™s Modern uniform of fast: http://nike.com/footballÂ ",2016-10-27T15:10:03.000Z
4767,21609,Bom dia ğŸ‘,2016-10-27T08:34:14.000Z
6623,27605,ğŸ‘ğŸ¼,2016-10-22T15:15:17.000Z
5383,28369,Help me kick breast cancer.Visit http://CR7blankets.comÂ  save 15% with promo code Pink7 and Elite Team will donate to Breast Cancer Research,2016-10-20T18:53:00.000Z
1791,11863,"Iâ€™m so excited the Z11 has finally come to spain! My friends at  @nubiaSpain are giving one away, enter here: http://ow.ly/HRfA3053M39Â ",2016-10-14T17:04:03.000Z
6085,23204,ThanksğŸ‘,2016-10-14T10:52:25.000Z
3429,22963,Couldn't resist a quick game while filming something exciting for PokerStars... ğŸ‘ŠğŸ¼ğŸ˜#raiseit,2016-10-13T17:30:12.000Z
3008,16978,Win an autographed #CR7MiniBlanket. Visit http://CR7blankets.comÂ  shop my exclusive line of CR7 blankets and enter to win today #CR7BLANKETS,2016-10-11T17:00:18.000Z
8446,28704,Two games 6 pointsğŸ‘ğŸ¼ well done team ğŸ‡µğŸ‡¹ğŸ‘ŒğŸ¼,2016-10-10T21:46:49.000Z
7276,32777,Morning walk ğŸš¶ğŸ½,2016-10-10T11:25:29.000Z
2400,14983,ItÂ´s my turn to support my â€œteamâ€! Help us make Madeira win WorldÂ´s Leading Destination 2016. Vote here http://bit.ly/29Ds2x2Â ,2016-10-08T17:01:03.000Z
24661,54003,"Happy to score my first poker for Portugal
âš½ï¸âš½ï¸âš½ï¸âš½ï¸ğŸ‡µğŸ‡¹",2016-10-07T21:38:33.000Z
7355,31819,ğŸ‘ğŸ¼âœŒğŸ¼ğŸ‡µğŸ‡¹,2016-10-06T11:03:01.000Z
5607,24751,TrainingğŸ‘ğŸ¼,2016-10-05T12:08:07.000Z
3185,18112,Want to watch me play a match live in Madrid? @Xtrade are giving you the chance to win this amazing trip! Enter now: http://xtrade.com/ronaldoÂ ,2016-10-03T17:02:28.000Z
3857,21246,"Glad to be the cover of @DSECTIONMAGAZINE 5th anniversary book. ""THE JOURNEY"".",2016-09-30T20:32:44.000Z
1943,11834,"Wow! More than 5 million downloads of my mobile game! Thank you! 
Download Kick'n'Run here for free: http://bit.ly/KicknRunÂ ",2016-09-30T16:49:01.000Z
8251,27471,Winning teamâš½ï¸,2016-09-30T11:00:19.000Z
3758,22335,I'm really excited to share with you the new #SACOORBROTHERS Fall Winter Collection! Meet my favorite new items at http://sacoorbrothers.comÂ ,2016-09-29T08:09:11.000Z
11797,40878,ğŸ‘ğŸ¼ğŸ‘ğŸ¼,2016-09-28T10:12:14.000Z
9078,35449,ğŸ‘ğŸ¼,2016-09-26T19:38:50.000Z
9217,36714,I'm good and you??ğŸ‘ğŸ¼,2016-09-22T19:08:57.000Z
8613,28811,Great momentğŸ‡µğŸ‡¹âœŒï¸ğŸ‘Œ,2016-09-22T09:39:55.000Z
7892,25047,Hala Madrid ğŸ”,2016-09-21T21:22:24.000Z
10586,40834,ğŸ‘ğŸ¼ğŸ’ªğŸ¼ğŸ”ğŸ‘ŒğŸ¼âœŒğŸ¼,2016-09-15T12:09:29.000Z
10357,37791,CHAMPIONS LEAGUE TONIGHT ğŸ‘,2016-09-14T10:33:38.000Z
2005,14461,Did you try this awesome feature in my mobile game? Download here: http://bit.ly/KicknRunÂ ,2016-09-11T17:34:15.000Z
11628,56528,â¤ï¸â¤ï¸,2016-09-09T18:27:45.000Z
6312,29835,Always nice to be with the fans âœŒğŸ¼ğŸ‘ğŸ¼ğŸ”ğŸ‘ŒğŸ¼,2016-09-09T10:19:14.000Z
4819,23634,"Great to be back to full team training!ğŸ’ªâš½ ğŸƒğŸ’¨
Train fast with @nikefootballâ€™s Strike Series: http://gonike.me/TrainFast_CR7Â ",2016-09-08T15:02:40.000Z
2867,15551,Step into the spotlight with my latest @CR7Underwear collection ğŸ‘ğŸ¼,2016-09-05T18:01:11.000Z
10595,40529,"First training with the team, very happy!!!! Enjoy the picture â¤ï¸ğŸ’ªğŸ¼ğŸ‘âœŒğŸ¼âš½ï¸",2016-09-05T16:48:36.000Z
5611,33370,V D â˜€ï¸,2016-09-03T12:14:40.000Z
3050,20367,Thanks @TAGHEUER @jcbiver for this kind gift. The new rose gold Heuer 01 is amazing #dontcrackunderpressure,2016-09-03T08:01:56.000Z
6852,30186,Soon ğŸ‘ğŸ¼,2016-09-02T11:39:11.000Z
7411,32837,Happy â˜€ï¸ğŸ‘ğŸ¼,2016-09-01T09:30:36.000Z
5945,30288,Selfie timeğŸ‘ğŸ¼,2016-08-31T14:40:09.000Z
6213,31927,ğŸ‘ŒğŸ¼ğŸ‘ğŸ¼,2016-08-30T16:54:54.000Z
5588,27267,Mood ğŸ‘,2016-08-30T10:29:34.000Z
6482,30577,Training done with my boys ğŸ’ªğŸ½ğŸ’ªğŸ½â˜€ï¸,2016-08-28T16:00:30.000Z
5814,27712,Feeling good ğŸ‘ lets go ğŸ’ªğŸ¼,2016-08-26T17:22:42.000Z
2606,12636,Training fast to come back stronger with the @nikefootball Strike Series. ğŸ’ªğŸ½ http://gonike.me/6182BxF10Â ,2016-08-26T15:36:51.000Z
9709,29066,Gracias equipo ğŸ”ğŸ‘ğŸ¼,2016-08-26T08:45:48.000Z
43960,85520,Very happy and proud to win such a special award. Thank you to my team mates from Real Madrid and Portugal! âœŒğŸ¼ğŸ”ğŸ‘ğŸ¼,2016-08-25T18:16:46.000Z
4213,19110,"Enjoying being back in training in my latest gear. 
Get the @NikeFootball Strike Series: http://nike.com/footballÂ ",2016-08-25T15:30:37.000Z
4048,22515,Not ready to let this summer go yet? Check out my summer looks at http://sacoorbrothers.comÂ  #SacoorBrothers,2016-08-24T17:55:58.000Z
3686,18981,I train fast to play fast. Thanks @niketraining for the new Nike Train Ultrafast Flyknit (http://gonike.me/UltraFast_CR7Â )ğŸ’ªğŸ½,2016-08-23T16:03:33.000Z
8222,33722,âœŒğŸ¼,2016-08-23T11:24:22.000Z
3188,18362,Another shot from my latest @CR7Underwear campaign! Check the range out on http://cr7underwear.comÂ ,2016-08-22T18:05:53.000Z
6019,29100,Mood ğŸ˜,2016-08-22T14:41:03.000Z
5058,31109,Poker at home while watching the action in Brazilâ€¦two great games on the go!,2016-08-20T17:57:31.000Z
22523,55642,Congratulations my friend @usainbolt for your triple gold!ğŸ‘ğŸ’ª,2016-08-20T15:19:47.000Z
4049,18927,"Madeira Island is pretty awesome, donâ€™t you think guys?
#madeiraislands #exploremadeira #visitmadeira #madeiraisgold",2016-08-20T11:08:10.000Z
4191,23269,Time to focus on the new season with my @TAGHeuer timepiece. #DontCrackUnderPressure,2016-08-19T18:06:06.000Z
2039,12208,The smartphone of champions will land @IFA_Berlin on Aug 31st! http://bit.ly/nubia2016IFAÂ  #WhatsNU @nubiasmartphone,2016-08-18T10:59:34.000Z
2812,14263,Stepping into the spotlight for @CR7underwear FW16 Now available on http://CR7Underwear.comÂ  #CR7Underwear,2016-08-15T16:57:51.000Z
5062,23952,Morning run ğŸ‘ğŸ¼,2016-08-15T12:09:30.000Z
6088,35458,Paz â˜€ï¸âœŒğŸ¼ğŸ‘ŒğŸ¼,2016-08-13T12:02:55.000Z
9712,37986,ğŸ’ªğŸ¼,2016-08-12T11:52:48.000Z
9050,36835,ğŸ‘ğŸ¼,2016-08-11T20:44:45.000Z
3063,18173,In the spotlight for my latest @CR7Underwear campaign. Check out new styles on http://CR7Underwear.comÂ  #CR7Underwear,2016-08-11T10:15:16.000Z
4955,17169,Faz jÃ¡ um mÃªs...recordaÃ§Ã£o muito feliz! Dois grandes homens!,2016-08-10T15:14:45.000Z
9751,35730,,2016-08-10T13:29:11.000Z
28000,49769,Champions.,2016-08-09T21:44:44.000Z
14689,34083,Not in the field but always with you! Good luck guys ! #halamadrid ğŸ’ªğŸ¼,2016-08-09T18:31:22.000Z
4055,17568,"Have a selfie with me.âœŒï¸ Check out my new CR7 Selfie - Fans with a Cause App #CR7SelfieApp 
http://cr7selfie.comÂ ",2016-08-09T08:42:47.000Z
5053,24584,Solid work ğŸ‘ŒğŸ¼,2016-08-08T17:57:09.000Z
5826,31103,Wake up after a great nap with crjâœŒğŸ¼ğŸ‘ğŸ¼ğŸ”,2016-08-08T15:12:39.000Z
6688,35694,Ice cream time â˜€ï¸ğŸ‘ŒğŸ¼,2016-08-07T16:03:16.000Z
5856,31780,My baby miss meâ¤ï¸,2016-08-06T17:15:44.000Z
16320,38259,Quick remind ğŸ‡µğŸ‡¹ğŸ”,2016-08-05T15:52:26.000Z
4561,24492,Are you ready to spend some time with me?ğŸ‘ğŸ“¸ I have great news coming your way. Stay tuned! Coming on 9th August,2016-08-04T08:31:48.000Z
6973,43172,â˜€ï¸ğŸ˜,2016-07-30T21:09:29.000Z
5370,31540,Good morning gym ğŸ’ªğŸ¼,2016-07-29T16:11:18.000Z
4009,27066,Lunch time ğŸ‘ğŸ¼ğŸ‘ŒğŸ¼,2016-07-28T19:58:15.000Z
5164,30045,"Iâ€™ve joined a new team, Elite Team. Visit http://CR7blankets.comÂ  to see my exclusive luxury blankets.",2016-07-27T14:06:29.000Z
3727,21182,A TRUE CHAMPION chooses #CLEARMEN. #TRUECHAMPION #POWERHAIR #CLEARNODANDRUFF âš½ï¸ğŸ‘ğŸ¼ğŸ†,2016-07-24T16:11:52.000Z
8272,43177,Thanks Madeira ğŸ‘ğŸ¼,2016-07-23T12:34:45.000Z
5684,29712,I will be back â˜€ï¸ğŸ”ğŸ‘ŒğŸ¼âœŒğŸ¼,2016-07-22T10:08:39.000Z
2637,14700,"On the field, I need the right tools to win. Online trading is no different, I chose @XTrade http://goo.gl/FVcxhkÂ ",2016-07-21T16:07:36.000Z
3295,16387,Check out our power moves! Stay fresh with #CLEARMEN. #TRUECHAMPION #CLEARNODANDRUFF #CLEARPOWERMOVE,2016-07-20T15:35:15.000Z
3435,18705,My mobile game is moving to Rio de Janeiro with the awesome new update available now ğŸ“² http://bit.ly/KicknRunÂ ,2016-07-19T16:39:38.000Z
7759,41651,â˜€ï¸,2016-07-19T14:34:30.000Z
12291,54596,Spend time with my little man ğŸ’‹â¤ï¸ğŸ‘ŒğŸ¼ğŸ”,2016-07-18T10:39:07.000Z
8291,47298,â˜€ï¸,2016-07-16T23:32:11.000Z
5385,28417,"We dream, we fight, and we exceed. Remember how we #GoBeyond today and every day with @nubia #Euro2016 #Champion",2016-07-16T15:39:10.000Z
6622,38364,Lunch ğŸ‘ŒğŸ¼âœŒğŸ¼,2016-07-16T12:25:04.000Z
9494,37636,"#Mercurial Superfly Portugal â€œChampions of Europeâ€ by
#NIKEiD. ğŸ˜ğŸ‘ŒğŸ¼âš½ğŸ†ğŸ‡µğŸ‡¹",2016-07-15T08:54:25.000Z
16494,47403,"When a team and a nation believe, anything is possible. #SparkBrilliance #justdoit",2016-07-13T09:29:34.000Z
15262,67512,Mood â¤ï¸â¤ï¸,2016-07-12T10:10:36.000Z
39432,84479,Wow ğŸ‘€ğŸ‘€ğŸ‘€,2016-07-11T15:02:03.000Z
67654,137947,History â¤ï¸â¤ï¸,2016-07-11T09:11:39.000Z
11326,34308,"One moment can change everything. Never give up.
Make them believe. âš½ğŸ†##SparkBrilliance #JustDoIt",2016-07-11T08:50:10.000Z
110827,193626,ğŸ†âœŒğŸ¼ğŸ‡µğŸ‡¹,2016-07-11T00:31:16.000Z
89901,152932,Proud of my team. Proud of my country. Make them believe. #JustDoIt,2016-07-10T23:09:15.000Z
22866,67245,My boys âœŒğŸ¼ğŸ‘ğŸ¼,2016-07-09T14:09:46.000Z
8031,43866,Time to focus. Counting down the hours with my @TAGHeuer . See you on Sunday on the field. #dontcrackunderpressure,2016-07-08T17:38:34.000Z
13348,52427,ğŸ‘ğŸ¼,2016-07-08T10:48:34.000Z
28449,73578,ğŸ™ğŸ¼,2016-07-07T08:54:51.000Z
13688,48688,Happy moments ğŸ‘ğŸ¼ğŸ‘ŒğŸ¼,2016-07-05T13:58:57.000Z
5220,30349,Keeping my mind sharp in between games #lovepoker,2016-07-05T10:55:41.000Z
16983,50887,Mood ğŸ‘ŒğŸ¼,2016-07-04T10:24:56.000Z
13861,53252,ğŸ‘ğŸ¼ğŸ”ğŸ‘ŒğŸ¼âœŒï¸â¤ï¸,2016-07-03T15:09:19.000Z
26999,60837,When you believe you achieve âœŒğŸ‘ğŸ”âš½ï¸,2016-06-30T23:54:27.000Z
6850,41791,"Time to relax and bring out my @TAGHeuer Carrera to fuel me up before the big match!
#DontCrackUnderPressure",2016-06-29T17:10:26.000Z
9687,45694,âœŒğŸ¼g n,2016-06-28T22:06:43.000Z
9019,39387,ğŸ‘ğŸ¼,2016-06-27T11:16:47.000Z
5546,24181,"Have you played my new game Cristiano Ronaldo: Kick'n'Run? It's pretty cool! Try it here: 
http://bit.ly/KicknRunÂ ",2016-06-24T15:03:16.000Z
10750,39432,âš½ï¸,2016-06-23T14:01:05.000Z
15262,44021,âš½ï¸,2016-06-23T10:04:35.000Z
29053,62744,âš½ï¸,2016-06-22T19:23:10.000Z
7460,32460,âœŒğŸ¼,2016-06-21T10:55:20.000Z
17327,48017,Triste com o resultado mas sei que todos juntos vamos dar a volta por cima. ğŸ‡µğŸ‡¹,2016-06-18T23:47:09.000Z
4136,19809,"Mentally preparing for tomorrowâ€™s match. Try Pro Genius in the @nikefootball App: 
http://gonike.me/GENIUSÂ ",2016-06-17T15:06:08.000Z
5569,27606,"Time to train, more games yet to come  #DontCrackUnderPressure @TAGHeuer",2016-06-15T17:10:57.000Z
12415,32381,"Hoje queremos levar para campo, nÃ£o sÃ³ a vontade de vencer de 11 mas a de todos osğŸ‡µğŸ‡¹ . Contamos com o vosso apoio!âš½",2016-06-14T10:16:55.000Z
7179,28077,Soon ğŸ‘ğŸ¼,2016-06-13T14:39:08.000Z
2067,9759,The game starts tomorrow. Mental preparation starts now. Train your brain with Pro Genius:...,2016-06-13T08:22:04.000Z
5031,24214,âš½ï¸,2016-06-12T19:18:33.000Z
6349,28945,Dinner time with my boys ğŸ”ğŸ‘ŒğŸ¼,2016-06-11T20:06:31.000Z
3169,18205,"Fuel up like me! Try 2 scoops #RebuildStrength, bananas, strawberries & milk. #Herbalife24 http://hrbl.me/1UoXCMlÂ ",2016-06-11T15:09:54.000Z
2784,14233,"Iâ€™m celebrating the Euro Cup kick-off with my new mobile game. âš½ï¸âš½ï¸ 
Play the game here: http://bit.ly/KicknRunÂ ",2016-06-10T15:02:22.000Z
3470,10719,"One moment can change everything. #SparkBrilliance.
@nikefootball",2016-06-09T07:12:38.000Z
9173,29440,Great win tonight âœŒğŸ¼ğŸ”âš½ï¸âš½ï¸,2016-06-08T21:19:22.000Z
1862,7739,"See what happens when two worlds collide. http://bit.ly/1rd4lRIÂ 
#SparkBrilliance 
Watch the film tomorrow: http://go.nike.com/footballappÂ ",2016-06-08T15:11:55.000Z
9327,30330,ğŸ‘ğŸ¼ğŸ”ğŸ‘ŒğŸ¼,2016-06-08T08:26:59.000Z
11302,37107,Team ğŸ‘ŒğŸ¼,2016-06-07T19:53:33.000Z
3297,14389,"Seriously, whatâ€™s going on @nikefootball ? #SparkBrilliance
See the whole story on June 9: http://go.nike.com/footballappÂ ",2016-06-07T15:04:44.000Z
3190,14275,"Iâ€™m feeling a little different todayâ€¦#SparkBrilliance
Discover whatâ€™s happened on June 9: http://go.nike.com/footballappÂ ",2016-06-06T22:27:24.000Z
2567,11801,"ğŸ‘€ğŸƒğŸ‘€ğŸƒğŸ’¥ #SparkBrillianceSee the full story June 9 in the @nikefootball App:http://go.nike.com/footballappÂ ",2016-06-05T15:05:32.000Z
3467,15479,I drive my training with proper hydration. Evolve your sports drink #CR7Drive @Herbalife @Herbalife24,2016-06-04T15:03:58.000Z
2582,11846,I stay fresh with #CLEARMEN. Show your best tricks with #CLEARPOWERMOVE or upload at http://bit.ly/1qIoiQgÂ .â€,2016-06-01T18:04:39.000Z
11254,47081,â˜€ï¸â™»ï¸ğŸ‘ŒğŸ¼,2016-06-01T12:00:20.000Z
19220,54902,Great night ğŸ‘ğŸ¼ğŸ‘ŒğŸ¼ğŸ”â¤ï¸,2016-05-29T20:14:33.000Z
2315,9960,"At my house, speed gets its own room. #sparkbrilliance
Get the new #Mercurial now ğŸ“²: http://go.nike.com/footballappÂ ",2016-05-29T07:06:44.000Z
64366,101987,Love you â¤ï¸â¤ï¸â¤ï¸,2016-05-29T00:17:20.000Z
8022,30447,Boom âœŒğŸ¼ğŸ‘ğŸ¼,2016-05-26T15:39:11.000Z
5095,21999,Check out my #Mercurial Speed Room ğŸ“½âš½ï¸ğŸƒğŸ½ğŸ’¨premiering in the @Nikefootball App http://go.nike.com/footballappÂ  #sparkbrilli...,2016-05-26T07:00:02.000Z
3248,19209,One of my picks for the warm days ahead of us! Tassel loafers are a must have. Check it now http://cr7footwear.comÂ ,2016-05-25T16:07:41.000Z
5834,23423,ğŸ‘ğŸ¼,2016-05-25T15:27:10.000Z
3582,17756,See the world's fastest #Mercurial collection. My new film premiers tomorrow. See it first: http://go.nike.com/footballappÂ ,2016-05-25T07:02:04.000Z
3298,15762,"The Summer of Sport: Football Nouveau - OR x Nikelab.
With @olivierrousteing @dazed @nikelab ğŸ†ğŸ†ğŸ†âš½ï¸âš½ï¸âš½ï¸",2016-05-23T14:05:40.000Z
2458,11928,The Summer of Sport: Football Nouveau - OR x Nikelab. With @olivierrousteing for @dazed #dreamteam ğŸ†ğŸ†ğŸ†âš½ï¸âš½ï¸âš½ï¸,2016-05-23T13:56:59.000Z
4704,23613,ğŸ‘ğŸ¼,2016-05-21T17:11:51.000Z
2179,10707,Let me introduce the @SFR family!The children would do anything to please their parents! http://po.st/cpamGwÂ ,2016-05-20T16:15:25.000Z
5284,22463,Training,2016-05-19T14:55:02.000Z
3668,16237,"Looking and feeling faster than ever. ğŸ‘ğŸ¼ğŸ‘ŠğŸ¼ğŸ’¥
Get the new #Mercurial first on May 28th ğŸ“² http://go.nike.com/footballappÂ ",2016-05-19T07:00:04.000Z
4990,20489,âš½ï¸,2016-05-18T15:12:55.000Z
3157,11423,"My new #Mercurial are fase as they look, trust me. ğŸğŸ’¨ğŸ’¥
Get them first, May 28th: http://go.nike.com/footballappÂ ",2016-05-18T07:06:10.000Z
4168,17424,"Ready to play fast! Thanks @nikefootball âš½ğŸƒğŸ½ğŸ’¨ğŸ’¥
Get the new #Mercurial first ğŸ“²: http://go.nike.com/footballappÂ ",2016-05-17T07:11:53.000Z
1860,8210,In my new commercial I'm in the central square of Tel-Aviv. Get ready neshamot it's gonna be HOT!,2016-05-16T15:58:42.000Z
3077,15298,Always working hard! Caught on set wearing @Cr7Footwear | http://crfootwear.comÂ ,2016-05-12T15:52:50.000Z
2874,15359,Crushing the game on PokerStars.,2016-05-11T15:56:42.000Z
4052,23868,Another shooting day with the special visit of my friend Peter Lim.,2016-05-05T19:17:31.000Z
4648,23487,The time has come for you to meet us in #cr7footwears16 | http://cr7footwear.comÂ ,2016-04-27T16:02:42.000Z
2691,14380,"In 2013 and 2014 Madeira was Europeâ€™s Leading Island Destination!
Vote for Madeira hat-trick
http://bit.ly/1UXUrk2Â ",2016-04-22T13:41:02.000Z
3904,18200,Unveiling one of my next 4 hotel projects with Pestana Hotel Group! #pestanahotels,2016-04-19T19:30:35.000Z
4806,24594,So proud to have my very own collection at the @SacoorBrosGL stores. Donâ€™t miss it!,2016-04-18T16:01:32.000Z
29000,63471,Funny moments practicing penalties with my son âš½ï¸ğŸ‘¦ğŸ½ğŸ‘ğŸ¼,2016-04-14T16:31:04.000Z
30697,67310,Great win today! âœŒğŸ»âš½ï¸ Thanks for all your support!,2016-04-12T23:14:53.000Z
4887,23393,Today is a special day: the launch of my  mom's book throughout Spain!,2016-04-11T13:32:48.000Z
2467,9650,Speed redefined #sanahizmiyok ğŸ‡¹ğŸ‡·,2016-04-10T16:58:11.000Z
4615,23987,"Amazed with the sound of my new ROC Freedom headphones!!ğŸ¶ğŸ‘ŒğŸ”
#livelifeloud",2016-04-08T18:32:58.000Z
4179,20040,I'm delighted to become the official ambassador of @XTrade . Join me! http://goo.gl/B3ZfqUÂ   #XTrade,2016-04-04T16:33:03.000Z
23824,50431,"Grande jogo de toda a equipa. Vencemos juntos, celebramos juntos. @realmadrid #HalaMadrid #RMClasico âš½ğŸ˜€ğŸ’ªğŸ½âœŒğŸ½ğŸ‘ŠğŸ½",2016-04-02T22:13:54.000Z
6338,29032,"Thanks @nikefootball getting me equipped for the matchğŸ’ âš½ğŸ‘Œ
Your pair is available now on http://nike.comÂ ",2016-04-02T07:05:53.000Z
5016,23509,"No days off ğŸ’ªğŸ½ğŸ‘ğŸ½
Gear up with my new CR7 Natural Diamond training apparel now on http://NIKE.COM/FOOTBALLÂ ",2016-04-01T07:02:02.000Z
4887,19867,"Do you remember? Last month, @SFR surprised me.Well, it happened again, the experience was amazing! #CristianoAndSFR",2016-03-30T18:49:47.000Z
5133,25460,Back home with my boys ğŸ‘ğŸ¼ğŸ‘ŒğŸ¼ğŸ”ğŸ˜œâœˆï¸,2016-03-29T23:20:34.000Z
5697,22458,âš½ï¸,2016-03-29T22:44:49.000Z
4810,19111,Great win ğŸ‘ğŸ¼âœŒğŸ¼ğŸ”âš½ï¸,2016-03-29T22:44:33.000Z
4788,21391,âš½ï¸ğŸ‘ŒğŸ½,2016-03-28T18:27:00.000Z
4960,14707,#ronaldoyahizlazim âœˆï¸ğŸ‡¹ğŸ‡·,2016-03-27T21:02:07.000Z
2454,12864,"The only person better than me at my own game is Cristiano Junior!
Download it for free here:http://bit.ly/GETsuperstarsÂ ",2016-03-26T18:03:07.000Z
4204,18893,Working out to recover for the next challenge! ğŸ’ªğŸ½âœŒğŸ½ğŸ‡µğŸ‡¹,2016-03-26T13:44:35.000Z
4159,21468,"Delighted to wear these!â˜âš½
Get exclusive @nikefootball product in the Nike Football App! http://gonike.me/Football_AppÂ ",2016-03-25T08:00:17.000Z
3926,14858,Ready for tomorrow ğŸ”âš½ï¸ğŸ‘ŒğŸ½ğŸ‘ğŸ½âœŒğŸ½,2016-03-24T22:38:36.000Z
3669,17732,Great to be with my Portuguese NT team mates!,2016-03-24T22:22:14.000Z
4901,20977,ğŸ’ªğŸ¼,2016-03-24T11:11:04.000Z
2953,12290,Talking about fashion ğŸ™‚ğŸ˜‰,2016-03-23T18:03:49.000Z
5092,20818,Think I'm bluffing? ğŸ˜‡ğŸ˜‰,2016-03-23T14:32:13.000Z
4657,19270,Get my #Mercurial Natural Diamond boots in the Nike Football App today! ğŸ’ ğŸ’ª  http://gonike.me/Football_AppÂ ,2016-03-20T08:16:47.000Z
8286,30095,Happy Father's Day to all daddy's in the worldâ¤ï¸â¤ï¸â¤ï¸,2016-03-19T15:19:43.000Z
3592,16022,Work hard to achieve success ğŸ’ğŸ’ªThe boots will be available tomorrow in the Nike Ftbl App ğŸ“² http://nike.com/footballappÂ ,2016-03-19T10:49:07.000Z
5232,20009,"Canâ€™t wait to lace up my new boots! ğŸ’ ğŸ’ Thanks @nikefootball . Get your boots March 20th ğŸ“²
http://gonike.me/Football_AppÂ ",2016-03-18T15:00:24.000Z
2846,11945,"Engineered Speed.Novo Equipamento Principal de Portugal 2016. #SparkBrilliance
http://go.nike.com/FPFKitsÂ  @nikefootball",2016-03-17T20:52:25.000Z
9264,24460,Wow! Thanks @Nike for letting me be the first athlete trying the new HyperAdapt 1.0 #nike2016 #nikeinnovation,2016-03-16T19:06:54.000Z
2956,13691,Live Life Loud â€¼ï¸â™»ï¸â˜€ï¸,2016-03-15T19:04:52.000Z
2665,12216,"Arriving to my home island #Madeira on a cruise ship is unique!
#madeiraislands #exploremadeira #madeiraisgold",2016-03-14T15:25:54.000Z
10252,26024,#SaveSyriasChildren like 5 yr old Ayman* who loves playing football like Cristiano Junior. http://bit.ly/1nhusVNÂ ,2016-03-13T14:17:29.000Z
5102,19858,âš½ï¸,2016-03-12T21:30:24.000Z
2242,11418,"POWERING THROUGH THANKS TO #CLEARMEN @ http://www.clearparis.comÂ  #POWERHAIR #MADEFORMEN, WHATâ€™S BEHIND YOUR POWER?ğŸ’ªğŸ½âš½ï¸",2016-03-12T15:57:08.000Z
8457,31259,â¤ï¸ love â¤ï¸,2016-03-11T21:56:55.000Z
2739,10857,Want to see what it's like to be me? My new video with @RocByRonaldo comes out March 14th!,2016-03-11T18:02:43.000Z
2836,13042,Excited for the new and #fresh #cr7footwear collection that drops today! Check http://cr7footwear.comÂ ,2016-03-11T14:22:28.000Z
2591,11363,"Exclusively at #WorldDutyFreeES, my new fragrance #CristianoRonaldoLegacy",2016-03-10T19:55:37.000Z
14383,31084,Training our accuracy âš½ï¸ğŸ‘¦ğŸ½â¤ï¸,2016-03-09T16:10:03.000Z
7830,30249,Mom I wish you a beautiful International Women's Day â¤ğŸ‘¸ğŸ¼ğŸ˜˜,2016-03-08T16:04:30.000Z
4239,17826,âœŒğŸ¼âœŒğŸ¼âœŒğŸ¼,2016-03-06T17:46:31.000Z
13214,30007,35âš½ï¸'s ğŸ‘ğŸ¼ğŸ‘ŒğŸ¼,2016-03-05T22:04:16.000Z
9505,23999,Proud of the great performance in today's match. Thanks for your continuous support. #halamadrid,2016-03-05T20:19:44.000Z
3954,18618,Hair cut ğŸ‘ğŸ¼ğŸ‘ŒğŸ¼,2016-03-04T21:12:45.000Z
5333,17983,ğŸ‘ğŸ¼âš½ï¸ğŸ‘ŒğŸ¼,2016-03-04T14:28:48.000Z
3326,15674,"Here with friends from #WorldDutyFreeES, celebrating my new fragrance #CristianoRonaldoLegacy at Madrid airport!",2016-03-03T15:46:34.000Z
5188,16921,"Good win âš½ï¸ğŸ‘ğŸ¼
Levante 1 - Real Madrid 3",2016-03-02T23:19:13.000Z
10618,28448,Future â¤ï¸ğŸ’‹ğŸ‘ŒğŸ¼âš½ï¸ğŸ‘ğŸ¼,2016-03-02T00:31:18.000Z
4456,18573,ğŸ’ªğŸ½â¤ï¸ğŸ”,2016-03-01T16:20:08.000Z
4238,17055,âš½ï¸ğŸ‘,2016-03-01T12:15:56.000Z
2693,11217,,2016-02-29T16:33:08.000Z
7269,23123,"5ï¸âƒ£âš½ï¸.âš½ï¸âš½ï¸âš½ï¸âš½ï¸âš½ï¸âš½ï¸â€¼ï¸ğŸ”ğŸ‘Œ
Thank you guys!! ğŸ˜˜â¤ï¸",2016-02-26T19:06:49.000Z
5952,22128,Moodâ¤ï¸,2016-02-26T16:19:10.000Z
3993,15306,ğŸ‘âš½ï¸âœŒï¸,2016-02-26T15:12:47.000Z
2596,12324,Fun poker game ğŸ‘Šâ™ ,2016-02-25T15:32:29.000Z
3065,11204,Funny moments with my friend Ricardo answering this 2nd part of the Q&A. Hope you enjoy it!ğŸ˜Š,2016-02-24T17:18:11.000Z
11203,33844,Really proud to be the 1st athlete with 200 million social media followers. A big thank you to all my fans! â¤ï¸ğŸ‘ŒğŸ˜˜ğŸ”ğŸ˜ğŸ˜»ğŸ’‹,2016-02-24T15:41:50.000Z
3480,13427,Training hard with my everyday partner ğŸ‘â˜€ğŸ‘ŒâœŒâš½â¤â˜€ #ClearNoDandruff #NothingToHide #PowerHair,2016-02-24T13:03:17.000Z
3061,14328,Be the first to try the new @SacoorBrosGL Spring/Summer Collection. Now in a boutique near you!,2016-02-23T15:30:21.000Z
3002,12695,"Have you played my very own mobile game? A new exciting update is available now! 
Play here: http://bit.ly/GETsuperstarsÂ ",2016-02-20T15:18:30.000Z
3970,12989,I had lot's of fun answering this Q&A with my friend Ricardo. Hope you enjoy it!,2016-02-18T12:11:03.000Z
4283,18233,Our bodies are a blank canvas and underwear is the first thing we put on. Add a splash of colour with #CR7Underwear,2016-02-16T16:05:47.000Z
2774,13191,I loved this photo shooting! Here's a sneak peek of the new @SacoorBrosGL Spring/Summer Collection. Coming soon!,2016-02-15T15:46:01.000Z
7443,20175,Great win! ğŸ‘ğŸ¼ğŸ‘ŒğŸ¼âœŒğŸ¼,2016-02-13T19:30:34.000Z
6892,24903,Such a fun day shooting my Colour Splash campaign for @CR7underwear #CR7Underwear,2016-02-11T15:16:41.000Z
3357,9842,There are rumors that I'm going to be a star in Israel. Not in soccer... In a HOT commercial,2016-02-10T14:56:46.000Z
1613,8600,Here is the winner of my Home Game Competition. Check out the other winners. @PokerStars http://on.fb.me/1mpnAFpÂ ,2016-02-09T13:04:57.000Z
7718,19220,My third Pichichi award! Proud to be the best scorer of La Liga. Thank you all.,2016-02-08T19:16:48.000Z
19448,46601,Thank you for your happy birthday messages! ğŸ‚ğŸ‘3ï¸âƒ£1ï¸âƒ£ğŸ˜â¤ï¸ğŸ˜˜,2016-02-05T21:25:17.000Z
9025,19714,Obrigado a todos pelas mensagens de parabÃ©ns no meu 31Â° aniversÃ¡rio!,2016-02-05T16:10:03.000Z
4826,13176,"Watch my last ad for @SFR, the experience was amazing! #CristianoAndSFR",2016-02-04T15:11:09.000Z
3611,15375,.@Herbalife gave me the opportunity to create my sports drink #CR7Drive:enhanced hydration to drive your lifestyle.,2016-02-03T16:01:14.000Z
2238,10275,I have recently been surprised by @SFR. Can you find out how ? #CristianoAndSFR http://bit.ly/CristianoAndSFRÂ ,2016-02-02T08:08:15.000Z
7173,18322,Guess where I spend 20% of my day? Find out!,2016-02-01T12:44:40.000Z
6813,17654,Una mordidita en tu boquitaâ€¼ï¸ğŸ¤ğŸ˜‚ğŸ”ğŸ‘Œ,2016-01-29T19:28:32.000Z
7537,24249,It was great to shoot with you @AngelAlessandra!,2016-01-27T17:29:12.000Z
1790,8742,Your favourite keyboard is now available for iOS. Download it here: http://apple.co/1UdECBSÂ ,2016-01-21T15:30:27.000Z
5094,15357,This amazing journey in football started when I was just eleven years old.,2016-01-19T16:33:40.000Z
4718,20857,"I wish I was in my #Madeira now, 21ÂºC of temperature in January!
Madeira, the Worldsâ€™s Leading Island Destination.",2016-01-18T15:11:03.000Z
5612,17348,Feeling fortunate to receive the @tagheuer Connected with the watch-face designed by my son! #dontcrackunderpressure,2016-01-14T16:42:47.000Z
5112,16168,Most kids in Haiti don't make it past 5th grade. Letâ€™s help them having a future. http://www.aidstillrequired.org/ASRhaiti2016Â ,2016-01-13T14:46:29.000Z
6191,20271,Wonderful team! ğŸ”ğŸ‘Œâš½ï¸ğŸ‘,2016-01-11T20:31:19.000Z
11296,26799,Happy to be a winner of FIFA FifPro world XI award 2015! #BallondOr,2016-01-11T19:43:17.000Z
7332,19519,Press talk before the #BallondOr ceremony,2016-01-11T16:49:49.000Z
8384,21221,Arrived in Zurich for the #BallondOr,2016-01-11T14:33:44.000Z
16360,36176,Going to Zurich for the #BallondOr day!,2016-01-11T11:42:37.000Z
15411,32624,"What better way to spend time than to shoot some balls with my son?

Â ",2016-01-07T15:12:24.000Z
7166,26560,Feliz dia de reyes!!,2016-01-05T22:59:44.000Z
2781,13770,Donâ€™t let this Winter pass you by without trying on the magnificent #Heritage Collection by @SacoorBrosGL,2016-01-05T15:56:43.000Z
5480,21307,"Excited to wear my special edition #Mercurial 324K Gold Boots tonight! ğŸ†âš½ğŸ‘Œ
Available Jan 7:Â http://gonike.me/Football_AppÂ ",2016-01-03T09:25:17.000Z
3274,11385,Have you ever wonder who my childhood idols were? Check out.,2016-01-02T11:28:39.000Z
8856,27367,The only gift in life is love. Always choose love! Happy New Year to you all from yours truly.,2015-12-31T22:31:30.000Z
4026,13218,,2015-12-31T11:59:34.000Z
1679,7442,My CR7 Keyboard has new looks. Do you like them? Download the keyboard now here: http://bit.ly/1H6fs6MÂ ,2015-12-28T16:17:38.000Z
19862,37533,Curious to see my house in Madrid? Take a look! Merry Christmas to all!,2015-12-22T11:39:55.000Z
2352,8700,Take a sneak peak behind the scenes on the set of my fragrance ad #CristianoRonaldoLegacy.,2015-12-21T11:33:05.000Z
3934,17424,"I love this photo from FW15 campaign, with these awesome boots from the @Cr7Footwear collection. Merry Christmas!",2015-12-19T15:27:05.000Z
1514,5615,Happy to partner with @PestanaHotels!,2015-12-18T15:46:12.000Z
2958,11200,Today I partner with @PestanaHotels for the construction of 4 new hotels. Itâ€™s a dream come true! #TimeOfYourLife,2015-12-17T18:14:02.000Z
2224,10350,Share your poker home game for a chance to win a @PokerStars CR7 chip set. Upload pic here: http://psta.rs/homegameÂ ,2015-12-16T16:45:58.000Z
4939,18242,Spending great time with my bros!! ğŸ‘ŒğŸ”âœŒï¸,2015-12-15T20:16:54.000Z
2138,9460,This #Christmas you can offer a bit of Portugal from the amazing @SacoorBrosGL #Heritage Collection.,2015-12-15T15:53:00.000Z
4462,17286,Thank you team for the nice gift #CristianoRonaldoLegacy,2015-12-11T17:55:40.000Z
2275,8517,Want to win a pair of signed @CR7Footwear shoes for Christmas? Go to http://www.CR7Footwear.comÂ !,2015-12-11T12:24:22.000Z
3291,11743,My @RonaldoFilm - the perfect present for friends & family this Christmas. #Unmissable http://www.ronaldothefilm.comÂ ,2015-12-10T16:54:53.000Z
2950,10415,One of my favourite pieces from the X-mas collection. Check out http://www.CR7underwear.comÂ  to see all of our new styles,2015-12-04T15:46:33.000Z
1652,6950,You can now search the web trough my CR7 Keyboard. Download it here: http://bit.ly/1H6fs6MÂ ,2015-12-01T15:17:29.000Z
3125,10366,Check out the behind the scenes of my FW15 @CR7Footwear campaign! http://www.cr7footwear.comÂ ,2015-11-30T14:58:22.000Z
2804,9303,Hereâ€™s an exclusive video with my #CR7shirts X-mas collection! Love it - check it out now on http://www.CR7shirts.comÂ ,2015-11-27T14:57:52.000Z
2763,11361,"Whenever visiting #Madeira, donâ€™t miss a visit to Funchal Marketplace â€œMercado dos Lavradoresâ€ #visitmadeira",2015-11-26T15:15:37.000Z
7745,18732,Round of sixteen! Here we go #realmadrid,2015-11-26T00:43:40.000Z
4516,15629,Starting to read the book of my friend Jose Semedo.,2015-11-23T16:55:07.000Z
3006,12087,Drive your active lifestyle with my new sports drink #CR7Drive from @Herbalife. http://Herbalife24.com/CR7driveÂ ,2015-11-19T11:58:28.000Z
2154,8601,My CR7 keyboard got more than 500.000 downloads in less than 3 months! Download it for free: http://bit.ly/1H6fs6MÂ ,2015-11-17T12:23:33.000Z
30436,45729,I can't be indifferent to the horror of the Paris attacks. My thoughts go to the victims & families. #prayers4paris,2015-11-14T12:23:52.000Z
2562,10706,Signed the new Free Mercurial Superfly inspired by my home. Arrives today atÂ http://nike.com/footballappÂ . #nikefc,2015-11-14T09:59:34.000Z
1616,5736,I'm joining @SacoorBrosGL for the celebration of their 25th anniversary! #Heritage is a must see collection!,2015-11-12T09:09:54.000Z
3276,12264,Hey @Tuurryy impressive play with the @Nikefootball App! These are on their way to you! ğŸ˜ğŸ‘ http://gonike.me/Football_AppÂ ,2015-11-11T18:56:44.000Z
2962,10659,"Great work playing with the @Nikefootball App, @Dgarciachino20. Look for these in the post! http://gonike.me/Football_AppÂ ",2015-11-11T18:54:56.000Z
2450,10398,It was great meeting you Devante! Congratulations for your play in the @Nikefootball App: http://gonike.me/Football_AppÂ ,2015-11-11T18:46:37.000Z
5359,15402,Ronaldo film is out now! I have #nothingtohide thanks to @clearhair,2015-11-10T13:27:35.000Z
5044,15361,Great night! It's wonderful to share this moment with so great people. @RonaldoFilm turned out amazing.#ronaldofilm,2015-11-10T00:20:58.000Z
3119,7359,"Today is a very exciting day,the Premiere of @RonaldoFilm.Looking forward for tonight! #ronaldofilm
Watch the video: http://www.unscriptd.com/raw/football-soccer-cristiano-ronaldo-m487129/Â â€¦",2015-11-09T17:03:32.000Z
3980,10474,If youâ€™re in London come down to Leicester Square at 5pm this evening and say Hi! #ronaldofilm,2015-11-09T16:38:29.000Z
6586,14025,Today is the day. I'm here in London and my film Ronaldo will be revealed to the world tonight! #ronaldofilm,2015-11-09T12:22:56.000Z
3267,11474,First session in my new CR7 Madeira edition free TR 3.0. Available now in Europe on http://nike.com/niketrainingÂ ,2015-11-07T16:48:08.000Z
3224,10699,"I'm excited to talk to you about @ronaldofilm that releases Monday, Nov 9 #ronaldofilm 
http://www.unscriptd.com/raw/football-soccer-cristiano-ronaldo-m932816-1/Â â€¦",2015-11-06T18:21:54.000Z
4631,11723,Injuries are a part of an athlete life. Having people you love by your side is important to recover. @Ronaldofilm,2015-11-06T15:07:35.000Z
4328,11854,My birthday is a great reason to join family and friends.Take a peek at my last birthday party in @Ronaldofilm.,2015-11-05T21:34:41.000Z
3227,11497,All the warmth and coverage I need this season. http://nike.com/techbookÂ  #techpack,2015-11-05T16:59:05.000Z
6103,12000,Join me and watch the film in cinemas on Monday 9th . Visit http://www.ronaldothefilm.comÂ  for details. #ronaldofilm,2015-11-04T13:05:08.000Z
7109,15668,"Well done team!! ğŸ‘âš½ï¸
Enhorabuena Nacho!! ğŸ”ğŸ‘Œ",2015-11-03T23:06:48.000Z
3466,11442,Get out and play games with the @nikefootball App for a chance to meet me!ğŸğŸ‘ŠğŸ¼ http://gonike.me/Football_AppÂ ,2015-11-02T08:06:40.000Z
4326,13490,Donate to help me build kids sports programs & you could meet me at Real Madrid v. BarÃ§a. http://omaze.com/ronaldoÂ ,2015-11-01T14:54:04.000Z
4372,9913,"Ready to turn up the heat! ğŸŒ‹ Available Oct. 29th, exclusively in the @Nikefootball App: http://gonike.me/Football_AppÂ ",2015-10-29T07:57:31.000Z
4889,13490,Inspired by my homeland of Madeira ğŸ‘ğŸŒ‹ Available exclusively in the @nikefootball App Oct. 29:http://gonike.me/Football_AppÂ ,2015-10-28T16:00:49.000Z
2772,9107,Here it is! FW15 @cr7footwearÂ campaign. Check out my new styles onÂ http://www.cr7footwear.comÂ ,2015-10-27T14:08:34.000Z
3419,11372,Playing poker with my friend Ricardo,2015-10-25T13:28:28.000Z
3042,7750,Do you want one of my signed jerseys? 5 people in the next 48 hours will win! âš½ğŸƒ ENTER: http://omaze.com/ronaldoÂ ,2015-10-23T16:57:03.000Z
1529,5115,.@RocByRonaldo is now available in France. Check @RocByRonaldo for more info.,2015-10-22T12:03:19.000Z
3574,9269,"Pre-order @RonaldoFilm with bonus content on DVD,Blu-ray or DigitalHD from Nov9 http://www.ronaldothefilm.comÂ  #ronaldofilm",2015-10-20T09:15:56.000Z
3118,9728,Having fun on set of my #CR7Shirts shoot!Â http://www.CR7Shirts.comÂ ,2015-10-19T13:35:55.000Z
1825,5464,With your help Madeira can become Worldâ€™s Leading Island Destination 2015. Vote until Nov 8thÂ â€“ Follow the link:,2015-10-18T14:08:36.000Z
17944,31526,Thanks team mates and Real Madrid fans for this beautiful moment.  â¤ï¸â¤ï¸â¤ï¸,2015-10-17T17:27:11.000Z
5384,14485,"Thanks @NikeFootball for the boots ğŸ™Œ honoured
to be Madrid's top scorer.Want a pair? http://
http://gonike.me/Football_AppÂ ",2015-10-17T09:04:45.000Z
3085,10665,"Photoshoot with @AngelAlessandra for a special project. Great meeting her, a lot of fun. http://www.unscriptd.com/raw/football-soccer-cristiano-ronaldo-m111932-ok/Â â€¦",2015-10-16T13:37:32.000Z
2080,6576,Never too early to prepare for a season with warm fleece and breathable http://insulation.nike.com/techbookÂ Â #techpack,2015-10-16T09:20:21.000Z
3409,11310,Want to join me when Real Madrid plays El Clasico? âœˆâš½ ENTER: http://omaze.com/ronaldoÂ  and you can help a great cause.,2015-10-15T11:30:50.000Z
5156,9974,"See @RonaldoFilm in cinemas, or own it on DVD, Blu-ray and Digital HD from November 9 :) http://www.ronaldothefilm.comÂ ",2015-10-14T14:30:14.000Z
7789,15794,"Four Golden Boots! Very happy and proud with this achievement. 
http://www.unscriptd.com/raw/football-soccer-cristiano-ronaldo-m227491/Â â€¦",2015-10-13T13:11:42.000Z
14484,21967,What a special moment in my professional life! Winning four Golden Boots itâ€™s a privilege... http://bit.ly/1WZwzuBÂ ,2015-10-13T12:57:47.000Z
1588,4789,Great time in the shoot for the new @SacoorBrosGL collection. The Portuguese heritage inspired the new collection.,2015-10-12T14:22:35.000Z
3981,12791,Want to be my VIP guest at Real Madrid-BarÃ§a? Support youth sports programs in Haiti. ENTER: http://bit.ly/1jbt1aeÂ ,2015-10-09T16:50:00.000Z
4460,12736,Flying with style.,2015-10-08T23:13:36.000Z
6235,12246,Mission accomplished! Great team work leads to great victories. #euro2016 here we go. #forÃ§aportugal,2015-10-08T22:31:57.000Z
2957,9253,"Hey guys. We finished another training session. Tomorrow is decisive. #forÃ§aportugal
http://www.unscriptd.com/raw/football-soccer-cristiano-ronaldo-m732551Â â€¦",2015-10-07T20:41:38.000Z
3540,7895,"Tickets are now on sale for @RonaldoFilm, in cinemas Nov 9: http://ronaldothefilm.comÂ  ğŸ¥ğŸ¬ More cinemas coming soon!",2015-10-07T17:49:44.000Z
3482,9015,"You can explore my island @madeira_islands by Walking, Diving, Canyoning and more. Get ready for the adventure!",2015-10-07T12:23:34.000Z
2742,7082,Do you know what I think about my perfume #cristianoronaldolegacy? See the behind the scenes http://www.cristianoronaldofragrances.comÂ ,2015-10-06T16:30:49.000Z
4059,11022,Yesterday I had my first fashion show to launch the FW15 collection of #CR7Footwear. It was a lot of fun!,2015-10-06T09:17:29.000Z
11692,17991,Never imagined to achieve this record when I arrived in Real Madrid six years ago...https://www.facebook.com/Cristiano/posts/10153754397432164Â â€¦,2015-10-02T13:12:52.000Z
16354,21382,"500 #mercurial goals. More to come! Explore
some of the boots contributing to the
milestone: http://gonike.me/Football_AppÂ ",2015-09-30T20:40:16.000Z
5983,17859,Good morning.,2015-09-30T09:37:00.000Z
2748,8245,"Iâ€™m in a photoshoot for the new collection of #CR7footwear, in stores soon. Hope you enjoy! http://www.unscriptd.com/raw/football-soccer-cristiano-ronaldo-m562991/Â â€¦",2015-09-28T15:13:45.000Z
23109,25672,Check out the trailer for my film! In cinemas worldwide Nov 9. Visit http://www.ronaldothefilm.comÂ  for more information.,2015-09-28T13:00:45.000Z
4077,9037,Introducing my new sports drink: CR7 Drive developed with @Herbalife24.Drive your destiny at http://Herbalife24.com/CR7DriveÂ ,2015-09-27T11:59:55.000Z
7086,13747,So excited ğŸ˜Š Here's the poster for my official documentary in cinemas soon. What do you think? âš½ï¸ğŸ¥,2015-09-25T14:34:44.000Z
4278,12388,#CR7Shirts #CR7Underwear  http://www.CR7underwear.comÂ ,2015-09-24T14:00:02.000Z
3907,11641,Hereâ€™s a sneak peak of me getting ready for the TV ad of #cristianoronaldolegacy. I had a great time!,2015-09-22T14:43:13.000Z
6644,14120,Iâ€™m flying 1 lucky fan to Madrid to hang with me & be my VIP guest at R. Madrid v. Barcelona http://bit.ly/1iovlJVÂ ,2015-09-21T12:01:01.000Z
3440,9684,"Spending the afternoon training at home with my boy. 
http://www.unscriptd.com/raw/football-soccer-cristiano-ronaldo-m444921/Â â€¦",2015-09-20T16:40:47.000Z
4048,12229,"Hey guys, just finished training and now itâ€™s lunch time. Eat properly, be healthy! http://www.unscriptd.com/raw/football-soccer-cristiano-ronaldo-m43710-1/Â â€¦",2015-09-18T14:13:44.000Z
2695,7736,Iâ€™m driven. Are you? @Herbalife24 #CR7Drive,2015-09-17T11:08:21.000Z
12270,20242,Great win tonight in the Champions League! It was amazing to feel your support. #halamadrid,2015-09-15T22:14:58.000Z
3457,10068,"Spending excellent time with my son.
http://www.unscriptd.com/raw/football-soccer-cristiano-ronaldo-m29841/Â â€¦",2015-09-11T09:45:29.000Z
3786,9311,Check out a clip from the ad for my new fragrance Cristiano Ronaldo Legacy. Full version here http://www.cristianoronaldofragrances.comÂ ,2015-09-09T21:27:45.000Z
5492,13808,What do you think of Cristiano Ronaldo Legacy?,2015-09-09T20:33:34.000Z
2479,6213,Introducing my debut fragrance for men - Cristiano Ronaldo Legacy - go to http://www.cristianoronaldofragrances.comÂ  for more!,2015-09-09T20:03:53.000Z
2594,6990,It's nearly time...,2015-09-08T11:53:30.000Z
9992,17281,No one at the National Team is indifferent to Europeâ€™s refuggee crisis. All our thoughts are with those people.,2015-09-03T17:07:39.000Z
6352,14833,EspÃ­rito PortuguÃªs.,2015-09-03T11:23:07.000Z
3854,12669,One of my favourite #CR7Shirts for Autumn/Winter. Check out http://www.CR7Shirts.comÂ  to see all of our new styles!,2015-09-01T15:34:08.000Z
4811,13148,"Madeira, my homeland: the 6th Best Island in the world and 2nd in Europe. Visit and discover why @madeira_islands",2015-09-01T11:29:37.000Z
4471,12946,Check out my new favourite DJ. http://www.unscriptd.com/raw/football-soccer-cristiano-ronaldo-m151739/Â â€¦,2015-08-28T13:00:51.000Z
5011,13270,I love my new #techpack from @nikesportswear. It's amazing!,2015-08-27T14:33:24.000Z
2394,6608,"Celebrating the launch of my Autumn/Winter #CR7shirts collection! See the new styles on
http://www.CR7Shirts.comÂ ",2015-08-20T15:04:45.000Z
3845,11566,"Hard works requires hard recovery. 
http://www.unscriptd.com/raw/football-(soccer)-cristiano-ronaldo-m75738/Â â€¦",2015-08-19T19:48:07.000Z
2183,6240,Hope you liked my 4th #CR7underwear campaign!Hereâ€™s a sneak peek of the shoot! New styles on http://www.CR7underwear.comÂ ,2015-08-19T14:32:25.000Z
3039,7685,Nutrition. Dedication. Drive. Check out my new interview series with @Herbalife #CR7Drive,2015-08-13T14:16:09.000Z
3899,9764,My new official keyboard in now available for your smartphone. Take a look and try it! http://bit.ly/1hraZzHÂ ,2015-08-11T14:01:06.000Z
5270,15958,"Have a nice Sunday everyone!
http://www.unscriptd.com/raw/football-(soccer)-cristiano-ronaldo-m88600/Â â€¦",2015-08-09T13:29:12.000Z
4380,12750,Exclusive image from my latest #CR7Underwear shoot! Love the new collection - check it out now http://www.CR7underwear.comÂ ,2015-08-07T11:00:15.000Z
5692,16271,Fun time with my bro!!!,2015-08-06T19:37:13.000Z
4746,13073,Hey guys! Wanna help me choose the best haircut? http://www.unscriptd.com/raw/football-(soccer)-cristiano-ronaldo-m99736/Â â€¦,2015-08-05T13:58:45.000Z
7147,20132,Trip to Shanghai.,2015-07-28T09:04:10.000Z
8246,21908,Good win tonight.,2015-07-27T15:36:58.000Z
6364,13864,Coming soon!,2015-07-25T10:50:59.000Z
8275,16771,Ready for tomorrow!,2015-07-23T11:45:57.000Z
4131,11828,Step out in style with #CR7Footwear! One of my favourite pairs in the collection. http://www.cr7footwear.comÂ ,2015-07-22T10:42:38.000Z
4451,10494,ParabÃ©ns aos campeÃµes da SelecÃ§Ã£o Nacional de Futebol de Praia! Enorme orgulho para Portugal!,2015-07-19T23:14:24.000Z
4065,10713,Met these future champions after the game. Proud to support @savechildrenaus which gives these kids safe play areas.,2015-07-19T15:59:21.000Z
4031,11211,In Australia and ran out of @Herbalife24 #RebuildStrength. Found a @Herbalife nutrition club. Thanks guys!,2015-07-15T11:16:23.000Z
5294,15224,First poker night with new chips.,2015-07-14T14:00:17.000Z
40772,54162,"Iker, un orgullo haber trabajado contigo tantos aÃ±os. Mucha suerte en tu nuevo equipo!",2015-07-13T11:11:57.000Z
2131,5708,"Always be at your best with @SacoorBrosGL outfits, the perfect look for every occasion. Find the closest boutique: http://bit.ly/boutiquesSacoorBrothersÂ â€¦",2015-07-12T12:09:15.000Z
6987,16148,Itâ€™s about the bold choices we make that embrace risk and inspire courage. What drives you? @Herbalife #CR7Drive,2015-07-10T12:39:02.000Z
4197,11763,Introducing MTG Sixpad in China.,2015-07-09T14:43:02.000Z
4158,11274,How you train makes the difference.Check out the @niketraining Free Trainer 3.0 made for speed http://gonike.me/FreeTrainer3_0Â ,2015-07-08T16:52:55.000Z
6578,16928,Sixpad launch in Tokyo!,2015-07-08T09:03:15.000Z
5928,16312,Amazing vacations with great friends.,2015-07-03T19:10:50.000Z
2081,5612,"The countdown is over! You can finally get my @TAGHeuer special edition on your wrist @TheWatchGallery 
http://www.thewatchgallery.com/tag-heuer-watchesÂ â€¦",2015-07-03T13:48:57.000Z
5637,12720,My training just got a new look from @NikeTraining . #nikefree,2015-07-02T15:33:00.000Z
4641,12133,Loving my new CR7 chips from PokerStars.,2015-06-30T13:58:08.000Z
3168,9417,This was my score at Ronaldo&Hugo. Whatâ€™s yours? http://bit.ly/GETsuperstarsÂ ,2015-06-26T14:18:24.000Z
11564,26161,The moments with my son are always amazing. You can see some special moments with him in the new film: @RonaldoFilm,2015-06-21T12:03:10.000Z
3020,6709,Want to appear in the credits of my film? Just load your selfie shots of you and me to my website  http://www.cristianoronaldo.com/ronaldofilmcompetitionÂ â€¦,2015-06-19T15:28:25.000Z
5769,13314,I will be releasing my very own fragrance later this Summer. How exciting! More news soon!,2015-06-18T13:58:24.000Z
15145,35758,Celebrating my son's 5th birthday.,2015-06-18T00:23:30.000Z
11382,21156,Hello all! Positive thoughts for the people in Nepal. Portugal and Nepal together!,2015-06-15T14:20:12.000Z
6953,15641,Extraordinary night and a big step towards qualifying for the #euro2016. #forÃ§aportugal! http://bit.ly/1cTgF2qÂ ,2015-06-13T21:37:25.000Z
13225,22271,Iâ€™m happy to confirm that thereâ€™s a film being produced about me. Stay tuned for more info at @RonaldoFilm,2015-06-09T13:04:35.000Z
5804,12755,Exciting news to share with you tomorrow. Canâ€™t wait!,2015-06-08T16:13:25.000Z
2645,6251,Want to see more of my photoshoot for @SacoorBrosME Spring Summer Collection? Donâ€™t miss out any detail here:,2015-06-06T12:27:52.000Z
10046,19252,Thank you for being there for me. Your support makes me wanna be better everytime. VIDEO http://www.unscriptd.com/raw/football-(soccer)-cristiano-ronaldo-m00022/Â â€¦,2015-06-05T13:24:01.000Z
4107,10045,Who remembers this guy?Brings me back childhood memories.Play â€œRonaldo&Hugo:Superstar Skatersâ€ http://bit.ly/GETsuperstarsÂ ,2015-06-04T16:44:09.000Z
6454,17040,Nice boat hein?,2015-05-31T15:05:26.000Z
5966,14453,Summer is coming! Put your best foot forward and shine in my shoes! Discover my CR7 Collection http://www.cr7footwear.comÂ ,2015-05-29T11:52:27.000Z
3256,7272,Iâ€™ve joined the worldâ€™s best poker team! #PokerStars http://www.pokerstars.comÂ ,2015-05-27T11:02:05.000Z
50419,54596,Great coach and amazing person. Hope we work together next season.,2015-05-23T21:12:17.000Z
6691,16185,Which pair of #CR7Underwear should I wear today? Help me choose!,2015-05-20T06:47:12.000Z
7203,17451,Good nutrition is at the core of my success. Excited to be working with @Herbalife24 #CR7Drive,2015-05-16T12:47:08.000Z
21845,42332,I think I found the perfect training partner! http://www.unscriptd.com/raw/football-(soccer)-cristiano-ronaldo-m001/Â â€¦,2015-05-15T14:12:01.000Z
5739,16625,"Pleased to be part of @SacoorBrosME family,a Portuguese brand where you can find the perfect look #PerfectMatch",2015-05-07T12:58:36.000Z
12751,20094,Help the children affected by #NepalQuake by supporting @SavetheChildrenâ€™s relief efforts: http://bit.ly/1DDZ19YÂ ,2015-04-28T13:17:46.000Z
8631,21755,Celebrating this important win with my friends. http://www.sportlobster.com/post/556638/celebrating-this-important-win.htmlÂ â€¦,2015-04-22T23:37:07.000Z
15358,25093,Another important step in this UEFA Champions League competition. Thanks for your support. ... http://www.sportlobster.com/post/556607/another-important-step-in-this.htmlÂ â€¦,2015-04-22T22:09:43.000Z
5480,10372,Tomorrow is decisive and your support is essential for the triumph! Hala Madrid!  ... http://www.sportlobster.com/post/556057/tomorrow-is-decisive-and-your.htmlÂ â€¦,2015-04-21T22:08:05.000Z
9825,23055,"It is fantastic to hear our son wishing ""Good luck Dad!"" http://www.sportlobster.com/post/555944/it-is-fantastic-to-hear-our-so.htmlÂ â€¦",2015-04-21T18:10:37.000Z
4194,10718,Go for gold with my exclusive #CR7Footwear Gold Edition http://www.CR7Footwear.comÂ  #Cerciguibenefit,2015-04-20T14:58:06.000Z
3277,7959,I have just entered my predictions for A. Madrid - R. Madrid on #VivaRonaldo. What about you? @VivaRonaldo,2015-04-13T16:33:27.000Z
5287,14659,Celebrating the birthday of a great friend. http://www.sportlobster.com/post/550642/celebrating-the-birthday-of-a.htmlÂ â€¦,2015-04-09T21:44:19.000Z
6994,17654,"Good news about my #CR7Underwear. Microfiber fabric is now available, making it very comfortable, light and soft.",2015-04-09T15:46:23.000Z
12979,26683,Exercise all you can! It's good for your body and your mind!,2015-04-06T20:48:32.000Z
26002,34585,Happy to have scored 5 goals with this excelent team work. Thank you for all your support. ... http://www.sportlobster.com/post/548124/happy-to-have-scored-5-goals-w.htmlÂ â€¦,2015-04-05T13:25:17.000Z
6178,17239,Nice dinner with a good friend. http://www.sportlobster.com/post/546302/nice-dinner-with-a-good-friend.htmlÂ â€¦,2015-04-02T21:44:43.000Z
6266,15302,"I love @SacoorBrosME suits, the quality of materials, tailor-made service and amazing experience in stores. Try it!",2015-04-01T11:20:23.000Z
7040,18932,Family time is precious time and I'm enjoying it. http://www.sportlobster.com/post/545284/family-time-is-precious-time-a.htmlÂ â€¦,2015-03-31T15:52:58.000Z
6648,14038,Important win for the team against Serbia. One step closer to #euro2016. #forÃ§aportugal http://www.sportlobster.com/post/544762/important-win-for-the-team-aga.htmlÂ â€¦,2015-03-29T22:40:52.000Z
12251,24013,"Hey @07RQuaresma, thought you could use a little more speed for our next match! ğŸ˜‰ğŸ”¥#mercurial",2015-03-26T12:57:47.000Z
5804,14196,O nosso brazÃ£o. As nossas cores. O nosso orgulho. PÃµe o teu nome na nova camisola da SeleÃ§Ã£o. http://go.nike.com/07lcpeogÂ ,2015-03-24T17:04:28.000Z
5104,12255,Our badge. Our colours. Our pride. Put your name on the new national team jersey. http://go.nike.com/07lcpeogÂ ,2015-03-24T17:04:10.000Z
3666,8548,El Clasico weekend. Make your prediction ahead of the game on Sportlobster now. #halamadrid http://bit.ly/1bfpQtNÂ ,2015-03-20T15:11:23.000Z
5029,12318,I'm proud to have my @TAGHeuer Special edition! #DontCrackUnderPressure http://tag.hr/baselworldÂ ,2015-03-19T16:12:04.000Z
2682,6081,I have just entered my predictions for Barcelona - R. Madrid on #VivaRonaldo. What about you? @VivaRonaldo,2015-03-19T15:49:57.000Z
9072,17595,You saw my new CR7 #Mercurial on @Nikefootballâ€™s Snapchat! Now get it in the Nike Football App http://gonike.me/Football_AppÂ ,2015-03-18T14:32:55.000Z
2449,5968,Welcome Jeremy Lin to the @TAGHeuer team. #DontCrackUnderPressure http://youtu.be/VeiNHmiGq-EÂ ,2015-03-16T20:10:19.000Z
6445,7990,Zaid fled his home 3 years ago. He has forgotten the names of his old friends. We wonâ€™t forget Zaid #WithSyria,2015-03-16T12:53:28.000Z
5887,11207,"Commitment, dedication, hard work and drive to succeed are some of the values that I share with @SacoorBrosME",2015-03-13T15:07:34.000Z
6424,12923,"Tomorrow is Champions
League day. All set! Vamos Real Madrid! http://www.sportlobster.com/post/533407/tomorrow-is-championsleague.htmlÂ â€¦",2015-03-09T16:09:18.000Z
7159,18845,Back on track. On my way to the training. http://www.sportlobster.com/post/533170/back-on-track-on-my-way-to-th.htmlÂ â€¦,2015-03-09T09:38:32.000Z
21011,25393,Happy birthday @realmadrid for the 113 years of success.,2015-03-06T12:47:37.000Z
2289,5931,Make your predictions for tomorrowâ€™s match on the Sportlobster app & climb the leaderboard. http://lnk.to/cT4LfÂ ,2015-03-06T11:37:31.000Z
3141,5648,Skills + Fun + Fashion = Shine in my shoes #cr7footwear http://www.cr7footwear.comÂ ,2015-03-05T15:53:08.000Z
9806,19255,Good morning ! Leaving for training with this nice weather. http://www.sportlobster.com/post/529806/good-morning-leaving-for-tra.htmlÂ â€¦,2015-03-04T09:11:44.000Z
4665,10725,Training session for the next match. #halamadrid http://www.sportlobster.com/post/529399/training-session-for-the-next.htmlÂ â€¦,2015-03-03T17:43:56.000Z
3206,6664,Canâ€™t wait to show you how much fun I hadâ€¦ #CheckItOut at http://www.cr7footwear.comÂ ,2015-02-27T21:01:27.000Z
7872,18121,Happy to share with you some new images from my #CR7Shirts campaign! I hope you like it.,2015-02-25T19:17:52.000Z
8742,19302,Playing with my kid. CR Junior 2 - CR 1!! http://www.sportlobster.com/post/522443/playing-with-my-kid-cr-junior.htmlÂ â€¦,2015-02-23T17:04:32.000Z
6783,13556,Tomorrow weâ€™ll face Elche. Vamos @realmadrid! http://www.sportlobster.com/post/519641/tomorrow-well-face-elche-v.htmlÂ â€¦,2015-02-21T15:00:37.000Z
3093,6492,Donâ€™t miss anything in the world of sports with the Sportlobster app. Download it now. http://lnk.to/cT4LfÂ ,2015-02-20T15:00:13.000Z
4533,9872,Here's a sneak peek of the new @SacoorBrosME Collection. Every detail counts and that makes us unique. #PerfectMatch,2015-02-19T16:55:44.000Z
6466,12198,"The team has reached its goal. Another important win in the
competition. #halamadrid #UCL http://www.sportlobster.com/post/517240/the-team-has-reached-its-goal.htmlÂ â€¦",2015-02-19T10:01:27.000Z
2904,6245,Have you tried the Sportlobster app? Download it now. Iâ€™ll follow back some of you http://lnk.to/cT4LfÂ ,2015-02-16T16:45:45.000Z
6670,14670,Want to know what itâ€™s like walking in my shoes? My #cr7footwear collection launches today! http://www.cr7footwear.comÂ ,2015-02-15T12:53:55.000Z
7117,12493,Happy for the win today #halamadrid http://www.sportlobster.com/post/513032/happy-for-the-win-today-halam.htmlÂ â€¦,2015-02-14T20:32:42.000Z
4855,9153,Very proud to be nominated for @LaureusSport Sportsman of the Year. #LWSA15,2015-02-11T11:57:56.000Z
32303,49737,30 years old! I canâ€™t thank you enough for all your birthday messages and wishes! Thank you for your everyday support,2015-02-05T21:38:48.000Z
956,3860,Thanks @Daniel_Nilsen,2015-02-05T15:50:56.000Z
6434,14151,Revealing my SS15 #CR7Underwear campaign & my top tips for health and fitness on http://www.cr7underwear.com/cr7-ss15-launch.aspxÂ â€¦ Check it out!,2015-02-03T19:49:50.000Z
57310,55465,Pido disculpas a todos y especialmente a Edimar por mi acto irreflexivo en el partido de hoy.,2015-01-24T17:47:49.000Z
5861,13438,Preparing for the next match against CÃ³rdoba. #realmadrid http://www.sportlobster.com/post/494127/preparing-for-the-next-match-a.htmlÂ â€¦,2015-01-21T16:02:34.000Z
4163,12031,"El libro @laclavemendes de @miguelcuestar y @jonathanschezm ya a la venta,con prÃ³logo escrito por mi!No os lo perdÃ¡is",2015-01-16T20:30:14.000Z
3480,10041,Ya estÃ¡ a la venta @laclavemendes el libro donde pueden conocer mejor mi grande amigo Jorge Mendes Â¡No os lo perdÃ¡is!,2015-01-16T20:21:18.000Z
14196,25738,My special #Mercurial for a night when we need to be at our best. @nikefootball,2015-01-15T08:27:07.000Z
14757,22502,No day off. Even if youâ€™ve earned one. #JustDoIt http://gonike.me/CR7FBÂ ,2015-01-13T09:37:49.000Z
42658,46577,"It's an unforgettable moment
in my life to win the Ballon dâ€™Or for the third time! I fee... http://www.sportlobster.com/post/486492/its-an-unforgettable-moment.htmlÂ â€¦",2015-01-12T20:52:19.000Z
36284,35638,2014 was full of incredible moments. Thank you all! #Ballondor2014,2015-01-12T19:10:33.000Z
14455,22464,Press conference is done. Canâ€™t wait for the ceremony! #ballondor2014,2015-01-12T16:39:43.000Z
24614,33559,On my way to #Ballondor2014 http://on.fb.me/1C7IISUÂ ,2015-01-12T13:58:09.000Z
4357,10029,Think youâ€™ve seen all my skills? Coming soonâ€¦. http://www.CR7Footwear.comÂ ,2015-01-11T13:18:55.000Z
5467,13747,Great moment with the @Emirates crew last week in Dubai. RT @emirates: A crewfie with @Cristiano #AllTimeGreats,2015-01-06T13:06:52.000Z
2996,6803,Back to La Liga. Tomorrow weâ€™ll face Valencia. Predict the result on Sportlobster http://bit.ly/RMVPredÂ ,2015-01-03T16:00:49.000Z
14115,28059,Hey guys. 2014 was great! Hope 2015 will be amazing for all. Happy New Year!i,2014-12-31T20:37:59.000Z
3192,6266,Letâ€™s make the new year a little brighter for kids & families around the world. Everyone can help @SavetheChildren,2014-12-31T08:54:51.000Z
9355,16381,Very proud to receive the Globe Soccer Best Player of the Year award and the Fan's Favourit... http://www.sportlobster.com/post/475374/very-proud-to-receive-the-glob.htmlÂ â€¦,2014-12-29T23:03:50.000Z
9199,19741,Having a great time in Dubai! http://www.sportlobster.com/post/473431/having-a-great-time-in-dubai.htmlÂ â€¦,2014-12-27T10:13:40.000Z
16006,13561,I met brave Martunis who survived the South Asian #tsunami 10 years ago.  I thank those who helped. @SavetheChildren,2014-12-26T12:30:48.000Z
8381,16350,"Merry Christmas, everyone! May your Christmas be magic and your dreams come true! http://www.sportlobster.com/post/472402/merry-christmas-everyone-may.htmlÂ â€¦",2014-12-25T15:11:17.000Z
1617,4064,Sportlobster has a brand new look. What do you think? http://bit.ly/1xrrcL0Â ,2014-12-23T16:28:37.000Z
6359,14896,Nice to relax and have some fun on some days off. http://www.sportlobster.com/post/471240/nice-to-relax-and-have-some-fu.htmlÂ â€¦,2014-12-23T12:55:26.000Z
2671,6403,Here are some of my favourite pieces from CR7 collection! Check it out! http://www.cr7underwear.comÂ  http://www.cr7shirts.comÂ ,2014-12-22T17:03:44.000Z
6902,13043,I feel so proud to be honoured with a statue in Madeira. It's a huge joy to share this mome... http://www.sportlobster.com/post/469974/i-feel-so-proud-to-be-honoured.htmlÂ â€¦,2014-12-21T20:08:01.000Z
4401,8634,"Honoured to receive the CordÃ£o AutonÃ³mico de DistinÃ§Ã£o, the highest distinction of Made... http://www.sportlobster.com/post/469792/honoured-to-receive-the-corda.htmlÂ â€¦",2014-12-21T17:52:15.000Z
24502,28746,Another important trophy for the team. The Club World Cup is ours. Hala Madrid!,2014-12-20T22:33:01.000Z
5070,10835,"Today I proudly announce my new partnership with Sacoor Brothers, a portuguese clothing brand. http://bit.ly/SacoorBrothersÂ ",2014-12-19T11:03:52.000Z
5005,9339,"In Christmas,it's very special to think about Portugal, its nice people, good food and moments http://bit.ly/1vhxh9iÂ ",2014-12-18T14:59:03.000Z
10047,16038,We're in the final of the Club World Cup. Hala Madrid!,2014-12-17T13:06:10.000Z
2898,4669,I was just nominated for Globe Soccer Fanâ€™s Favorite Player of The Year Award. Vote here http://bit.ly/GlobeSocceriOSÂ  or http://bit.ly/GlobeSoccerAndroidÂ â€¦,2014-12-16T10:25:39.000Z
8976,15145,Thank you BBC for choosing me as 2014 Overseas Sports Personality. Itâ€™s very rewarding to win this award.,2014-12-15T19:26:35.000Z
3032,5387,Wanna know what I think about my new #CR7shirts collection? Check out. http://youtu.be/sZV_fAcAzl0Â  http://www.cr7shirts.comÂ ,2014-12-11T16:39:40.000Z
8809,15197,"My mother is, without any doubt, a mother courage. I feel very thankful and proud to be her... http://www.sportlobster.com/post/447412/my-mother-is-without-any-doub.htmlÂ â€¦",2014-12-08T20:42:15.000Z
2956,5266,Tuesday weâ€™ll play for the Champions League. Predict the result on Sportlobster #HalaMadrid http://bit.ly/RMvsLudoÂ ,2014-12-07T18:07:43.000Z
